class,gill-color,spore-print-color,population,gill-size
1,4,2,3,1
0,4,3,2,0
0,5,3,2,0
1,5,2,3,1
0,4,3,0,0
0,5,2,2,0
0,2,2,2,0
0,5,3,3,0
1,7,2,4,1
0,2,2,3,0
0,2,3,2,0
0,5,2,3,0
0,10,3,3,0
1,4,3,4,1
0,5,2,0,0
0,4,3,5,1
0,4,3,0,0
1,5,2,3,1
1,5,3,3,1
1,4,3,3,1
0,4,3,3,0
1,5,3,4,1
0,4,3,3,0
0,10,3,2,0
0,2,2,3,0
1,5,3,4,1
0,5,3,2,0
0,10,3,2,0
0,4,2,5,1
0,5,3,4,1
0,2,3,2,0
1,4,3,3,1
0,5,3,2,0
0,7,3,5,0
0,5,3,3,0
0,10,3,4,1
0,4,2,4,1
1,10,3,3,1
0,7,3,4,1
0,4,2,3,0
0,5,3,3,0
0,5,2,5,0
0,2,2,5,1
1,7,3,4,1
0,10,2,2,0
0,5,3,2,0
0,4,2,3,0
0,10,3,2,0
0,5,3,3,0
0,10,2,3,0
0,10,2,3,0
0,4,2,3,0
0,4,3,2,0
1,4,3,4,1
1,4,2,4,1
0,10,2,3,0
0,5,3,0,0
0,10,3,2,0
0,4,2,2,0
0,7,2,5,0
0,4,3,4,1
0,4,3,3,0
0,2,3,3,0
0,2,3,2,0
0,5,3,3,0
0,4,2,0,0
0,5,2,3,0
0,10,3,3,0
0,10,2,2,0
0,7,3,4,1
0,7,3,4,1
0,2,3,3,0
0,10,3,4,1
0,7,2,3,0
0,4,2,3,0
0,7,3,4,1
0,5,6,4,1
0,7,3,5,0
1,10,3,4,1
0,5,3,5,0
0,4,3,3,0
1,10,2,3,1
0,5,3,5,1
0,5,3,3,0
0,10,2,3,0
0,4,2,3,0
0,10,2,3,0
0,5,3,3,0
0,10,2,5,0
0,5,3,4,1
0,5,3,5,1
0,4,2,3,0
0,2,2,3,0
0,2,2,2,0
0,5,3,0,0
0,2,3,3,0
0,7,3,3,0
0,5,2,2,0
0,2,3,3,0
0,2,2,3,0
0,7,2,3,0
0,5,2,2,0
0,10,3,3,0
0,5,2,5,0
0,2,3,2,0
0,5,2,2,0
0,10,3,5,0
0,5,2,3,0
0,2,3,3,0
0,4,2,2,0
0,10,2,2,0
0,2,2,5,1
0,10,6,4,1
0,5,2,2,0
1,5,3,4,1
0,7,3,3,0
0,7,3,5,1
0,10,2,5,0
0,7,6,4,1
0,4,3,5,1
1,4,2,4,1
0,2,3,2,0
1,7,2,4,1
0,4,3,0,0
0,2,3,3,0
0,5,2,3,0
0,10,3,2,0
0,3,3,0,0
0,5,2,2,0
0,5,3,3,0
0,10,3,3,0
0,10,3,3,0
0,10,6,4,1
0,2,2,3,0
0,7,3,4,1
1,10,3,4,1
0,10,3,4,1
0,5,3,3,0
1,7,3,4,1
0,10,3,2,0
0,10,2,5,0
0,2,2,2,0
0,4,3,4,1
0,10,2,5,0
0,4,2,2,0
0,4,2,3,0
0,4,3,0,0
0,10,3,2,0
0,4,2,2,0
0,2,2,2,0
0,10,3,3,0
0,7,3,0,0
0,2,3,3,0
0,4,2,4,1
0,10,6,4,1
0,10,2,3,0
0,4,3,2,0
0,4,3,2,0
0,5,2,3,0
0,2,2,3,0
0,2,2,3,0
0,5,2,2,0
0,4,3,5,1
0,5,3,5,0
0,4,3,3,0
0,10,3,5,0
0,10,3,3,0
0,10,2,3,0
0,10,2,5,0
0,4,2,3,0
0,2,3,5,1
0,4,3,3,0
0,5,6,4,1
0,10,2,3,0
0,7,3,3,0
0,10,2,2,0
0,4,2,2,0
0,2,3,3,0
0,2,3,2,0
0,2,3,2,0
1,7,3,4,1
0,2,3,5,1
0,2,2,4,1
0,2,3,3,0
0,7,2,3,0
1,4,2,3,1
0,2,3,3,0
0,7,2,4,1
0,2,3,2,0
0,10,3,5,0
0,7,2,3,0
0,10,3,4,1
0,10,3,3,0
0,10,3,4,1
0,4,3,2,0
0,2,3,5,1
0,5,2,3,0
0,2,3,2,0
0,5,3,3,0
0,5,3,4,1
0,10,3,3,0
0,10,2,3,0
0,2,2,2,0
0,3,2,3,0
0,5,2,5,0
1,4,3,4,1
0,5,3,2,0
0,4,2,3,0
0,5,3,2,0
0,10,2,2,0
0,10,2,3,0
0,10,2,2,0
0,5,3,4,1
0,5,3,5,1
0,5,3,3,0
0,5,2,2,0
0,2,2,3,0
0,4,2,3,0
0,10,3,3,0
0,7,3,4,1
0,5,3,2,0
1,4,2,3,1
0,5,3,3,0
0,7,3,4,1
0,2,2,2,0
0,5,2,3,0
0,2,3,2,0
0,2,3,3,0
1,7,2,4,1
0,5,3,2,0
0,5,2,5,1
1,4,2,3,1
0,5,3,5,0
0,4,2,4,1
0,4,3,2,0
0,10,3,4,1
0,10,2,3,0
0,5,3,3,0
0,5,2,3,0
0,7,2,3,0
0,10,2,5,0
0,10,2,3,0
0,10,3,2,0
1,5,2,4,1
0,7,6,4,1
0,10,3,3,0
0,7,6,4,1
0,5,2,3,0
0,10,2,5,0
0,7,2,3,0
0,10,3,5,0
1,7,3,3,1
0,2,3,4,1
0,10,3,3,0
0,5,3,3,0
0,4,3,2,0
0,4,3,4,1
0,10,2,2,0
0,2,2,2,0
0,2,3,2,0
0,10,3,3,0
1,4,2,4,1
0,5,3,2,0
0,5,3,3,0
0,10,6,4,1
0,2,2,4,1
0,7,2,0,0
0,2,3,3,0
0,4,3,3,0
1,10,2,3,1
0,5,2,2,0
1,10,2,4,1
0,4,3,3,0
0,4,3,2,0
0,5,3,3,0
0,10,3,3,0
0,10,3,5,0
0,10,3,2,0
0,3,2,3,0
0,4,3,2,0
1,10,3,3,1
0,5,3,2,0
0,7,3,4,1
0,4,2,3,0
0,5,2,2,0
0,5,2,3,0
0,2,2,3,0
0,2,2,3,0
0,5,3,5,0
0,7,3,5,1
0,2,2,5,1
0,5,2,3,0
0,5,2,3,0
0,4,3,3,0
0,2,2,3,0
0,2,3,2,0
0,4,2,3,0
0,7,2,3,0
0,7,3,4,1
1,7,2,3,1
0,4,2,0,0
0,10,2,3,0
0,10,3,4,1
0,5,2,3,0
0,2,2,3,0
0,7,3,5,0
0,4,3,3,0
0,2,3,2,0
0,7,2,5,0
0,5,3,3,0
0,10,2,3,0
1,5,3,4,1
0,5,2,3,0
0,7,3,4,1
0,2,3,2,0
1,4,2,4,1
0,10,3,4,1
0,4,2,2,0
0,5,3,4,1
0,10,3,4,1
0,4,3,3,0
0,10,6,4,1
0,10,2,3,0
0,5,2,3,0
0,7,3,3,0
0,4,2,2,0
0,5,3,3,0
1,5,3,4,1
0,10,2,2,0
0,2,2,2,0
1,10,2,4,1
0,5,2,3,0
0,10,3,2,0
0,5,2,3,0
0,2,3,2,0
0,7,2,5,0
0,10,2,5,0
0,5,3,3,0
0,2,3,4,1
0,5,2,5,0
0,4,3,3,0
0,5,2,2,0
0,2,2,3,0
0,7,3,4,1
0,2,3,3,0
0,5,3,0,0
0,5,3,4,1
0,5,3,2,0
0,5,2,3,0
0,2,3,5,1
0,3,3,0,0
0,7,3,3,0
0,4,3,3,0
0,4,2,3,0
0,10,2,3,0
0,2,3,4,1
0,7,3,5,0
1,4,2,3,1
0,7,3,5,0
0,10,3,3,0
0,3,3,3,0
0,7,2,0,0
0,4,2,0,0
0,5,3,3,0
0,10,2,2,0
0,7,2,4,1
0,10,3,3,0
0,7,6,4,1
0,2,3,2,0
0,5,2,3,0
0,10,3,3,0
0,5,2,5,0
0,10,2,3,0
0,5,3,5,1
0,4,2,3,0
0,5,2,2,0
0,4,2,5,1
0,5,3,2,0
0,4,3,2,0
0,4,3,3,0
1,7,2,3,1
0,4,3,3,0
0,10,2,3,0
0,2,3,2,0
0,5,3,5,0
1,10,3,3,1
0,10,2,5,0
0,5,2,0,0
0,5,2,2,0
0,10,3,2,0
0,5,3,3,0
0,2,2,2,0
0,5,3,2,0
0,4,3,4,1
0,10,2,3,0
0,3,3,0,0
0,4,3,2,0
0,10,3,3,0
0,5,2,4,1
1,7,3,3,1
0,10,3,2,0
0,5,2,2,0
1,7,3,4,1
0,10,3,3,0
0,4,3,3,0
0,5,2,3,0
0,5,3,2,0
0,2,3,3,0
0,2,2,3,0
0,10,3,5,0
0,10,3,3,0
0,5,2,3,0
0,5,3,3,0
0,5,2,5,0
1,4,2,4,1
0,10,3,2,0
0,7,6,4,1
1,10,2,3,1
0,4,2,2,0
0,3,3,0,0
0,5,2,3,0
0,10,3,3,0
1,7,3,3,1
0,10,2,3,0
0,5,3,2,0
0,5,3,4,1
0,5,3,5,0
0,4,3,2,0
0,7,2,0,0
0,5,3,4,1
0,2,3,3,0
0,5,3,5,0
0,2,3,3,0
0,10,2,3,0
0,5,3,4,1
0,10,2,2,0
0,5,6,4,1
0,2,3,2,0
0,4,3,2,0
0,7,3,5,0
0,5,2,3,0
0,2,2,3,0
0,7,2,5,0
0,5,2,2,0
0,10,2,2,0
0,7,2,3,0
0,5,3,2,0
0,5,2,3,0
0,10,2,3,0
0,5,3,5,0
0,4,3,3,0
0,2,2,2,0
0,2,2,2,0
0,7,3,4,1
0,2,3,2,0
0,3,2,0,0
0,4,3,2,0
0,10,2,3,0
0,5,2,5,0
0,10,3,5,0
0,4,3,3,0
0,5,3,3,0
0,2,2,3,0
0,10,3,2,0
0,4,2,4,1
0,7,3,5,0
0,2,2,2,0
0,2,2,2,0
0,2,2,2,0
0,10,3,3,0
0,2,2,2,0
0,10,2,2,0
0,5,6,4,1
0,4,2,5,1
0,5,3,4,1
0,4,2,5,1
0,7,3,5,1
0,10,3,2,0
0,7,3,4,1
0,5,2,3,0
0,4,2,3,0
0,2,2,3,0
0,7,6,4,1
0,2,2,5,1
0,10,3,4,1
0,7,2,5,0
0,10,3,3,0
0,7,3,5,1
0,5,2,3,0
0,5,2,3,0
0,5,6,4,1
1,7,3,3,1
1,4,3,4,1
0,10,3,3,0
0,10,2,3,0
0,4,3,2,0
0,3,3,0,0
0,7,3,3,0
0,5,3,3,0
0,10,2,2,0
0,10,3,2,0
0,2,2,2,0
0,2,2,2,0
0,10,2,3,0
0,10,3,3,0
1,5,3,4,1
0,7,3,3,0
0,7,3,0,0
0,5,3,4,1
0,7,3,4,1
0,4,3,5,1
0,4,2,3,0
0,5,6,4,1
0,5,3,4,1
0,4,3,4,1
0,3,3,0,0
0,5,2,5,0
0,4,2,2,0
0,4,2,3,0
0,4,3,2,0
0,10,2,2,0
0,5,2,3,0
0,7,3,5,0
1,5,3,3,1
0,5,2,5,1
0,10,3,3,0
0,10,3,3,0
0,4,3,3,0
0,4,2,5,1
0,10,3,5,0
0,5,3,5,0
0,5,2,3,0
1,5,2,3,1
0,10,2,5,0
1,4,2,3,1
0,4,2,3,0
0,4,2,3,0
0,7,2,4,1
0,2,3,3,0
0,7,6,4,1
0,5,2,3,0
0,7,2,3,0
1,5,3,3,1
0,7,2,3,0
0,5,2,0,0
0,10,2,3,0
0,2,3,3,0
0,2,3,4,1
0,7,6,4,1
0,2,3,2,0
0,5,3,5,1
0,3,3,3,0
0,7,2,3,0
0,7,3,4,1
0,4,2,3,0
0,7,2,5,0
1,4,2,4,1
0,10,6,4,1
0,10,2,2,0
0,2,3,2,0
0,2,3,3,0
0,10,6,4,1
0,5,6,4,1
0,5,2,3,0
0,10,3,3,0
1,10,2,4,1
0,2,3,2,0
0,4,2,3,0
1,5,3,3,1
0,10,2,2,0
0,4,2,2,0
0,5,3,4,1
0,4,2,2,0
0,10,2,2,0
0,10,3,5,0
0,10,3,3,0
0,7,3,4,1
0,5,3,3,0
0,10,3,5,0
1,10,3,3,1
0,2,3,2,0
0,10,3,3,0
0,4,2,2,0
0,5,3,5,0
0,10,2,3,0
0,4,3,3,0
0,2,2,4,1
0,5,2,5,1
0,5,2,4,1
0,5,2,2,0
1,4,2,3,1
0,3,2,3,0
0,2,2,3,0
1,4,3,3,1
0,2,2,2,0
1,7,2,4,1
0,5,2,2,0
0,2,2,3,0
1,7,3,3,1
1,5,2,3,1
0,5,3,0,0
0,10,3,5,0
0,4,3,0,0
0,5,3,3,0
0,10,2,3,0
0,5,2,2,0
0,5,3,3,0
0,5,2,5,0
0,10,2,3,0
0,5,2,4,1
0,3,3,0,0
0,5,3,3,0
0,7,2,0,0
1,4,3,3,1
0,7,2,3,0
0,2,2,3,0
0,7,2,0,0
0,2,2,3,0
0,5,3,2,0
0,5,3,5,1
0,7,2,3,0
0,10,3,2,0
0,5,6,4,1
0,5,2,3,0
0,7,2,5,1
0,2,2,3,0
0,10,6,4,1
0,7,2,5,1
0,2,3,3,0
0,4,2,2,0
0,5,3,3,0
0,4,2,2,0
0,5,2,4,0
0,5,2,3,0
0,7,3,3,0
0,10,3,3,0
0,7,2,3,0
0,5,2,2,0
0,3,2,3,0
0,2,2,3,0
0,10,2,2,0
0,5,3,5,0
0,10,2,3,0
0,10,2,5,0
0,5,2,3,0
0,5,6,4,1
0,2,2,3,0
0,4,2,2,0
0,5,2,3,0
0,7,6,4,1
0,5,2,3,0
0,5,3,2,0
0,10,2,5,0
1,10,2,3,1
1,10,2,4,1
0,2,3,3,0
0,4,3,3,0
0,2,2,2,0
0,10,2,5,0
0,4,3,5,1
0,5,2,3,0
0,4,2,3,0
1,5,2,3,1
1,4,3,3,1
0,2,3,3,0
0,10,3,2,0
0,10,3,3,0
0,7,3,5,0
0,5,3,5,0
0,10,3,2,0
0,4,2,3,0
0,7,3,4,1
0,7,2,0,0
0,10,6,4,1
0,10,3,3,0
0,2,2,5,1
0,4,3,4,1
0,5,3,5,0
0,10,3,5,0
0,2,2,3,0
0,5,3,4,1
0,5,3,2,0
0,10,6,4,1
0,10,2,2,0
0,7,3,4,0
0,2,2,2,0
0,4,2,4,1
0,5,3,3,0
0,10,2,2,0
0,4,2,3,0
0,10,2,3,0
0,4,2,3,0
0,7,3,3,0
0,4,3,0,0
1,7,3,3,1
0,5,3,3,0
0,10,3,3,0
1,10,2,4,1
1,7,3,4,1
0,5,3,0,0
1,10,2,3,1
0,3,3,0,0
0,5,2,3,0
0,4,2,2,0
0,7,3,3,0
0,7,2,5,0
0,4,2,2,0
0,7,2,5,1
0,4,3,2,0
0,2,2,2,0
0,10,2,3,0
0,7,3,0,0
0,10,3,3,0
0,10,3,2,0
0,4,2,3,0
0,5,3,3,0
0,4,3,3,0
0,5,2,3,0
0,5,3,3,0
0,2,2,4,1
0,5,3,3,0
0,4,2,2,0
0,10,3,4,1
0,7,3,0,0
0,5,2,3,0
1,4,3,4,1
0,10,3,2,0
0,3,3,3,0
0,5,3,3,0
0,10,2,3,0
0,10,2,5,0
0,5,3,3,0
1,4,3,3,1
1,7,2,3,1
0,2,2,2,0
0,10,3,3,0
0,10,3,4,1
1,10,2,3,1
0,2,2,3,0
0,7,2,4,1
0,7,2,4,1
0,5,2,3,0
0,7,2,3,0
0,4,3,2,0
0,5,3,3,0
0,5,3,2,0
0,10,3,3,0
0,10,2,3,0
1,10,3,4,1
0,5,6,4,1
0,5,3,3,0
0,4,3,2,0
0,5,6,4,1
0,10,2,3,0
0,4,3,2,0
0,5,2,2,0
0,5,3,5,0
0,5,3,0,0
0,10,3,2,0
0,5,2,5,0
0,2,3,2,0
0,7,2,5,0
0,2,3,2,0
0,2,3,4,1
0,10,2,3,0
0,4,2,0,0
0,7,3,4,1
0,2,3,5,1
0,2,3,3,0
0,4,2,2,0
0,10,3,2,0
0,4,3,3,0
0,4,2,2,0
0,7,3,4,1
0,3,2,0,0
0,7,3,3,0
1,4,3,3,1
0,7,3,5,0
0,5,3,2,0
0,10,3,2,0
0,10,2,3,0
0,2,2,5,1
0,10,2,3,0
0,5,2,3,0
0,10,2,2,0
1,10,2,4,1
0,5,2,4,1
0,10,3,2,0
1,4,3,3,1
0,7,2,5,0
0,4,3,3,0
0,7,2,5,0
0,4,2,2,0
0,5,3,2,0
1,7,3,4,1
1,5,3,3,1
0,5,2,2,0
0,3,2,3,0
1,4,3,4,1
0,10,3,3,0
0,5,2,2,0
0,10,3,2,0
1,5,3,4,1
0,10,2,2,0
0,4,3,2,0
0,10,2,3,0
0,4,2,3,0
0,7,2,5,0
0,5,3,3,0
0,7,3,4,1
0,2,2,2,0
0,5,2,2,0
1,7,2,4,1
1,10,3,4,1
1,4,2,4,1
0,5,2,3,0
0,7,2,5,0
0,5,2,5,0
0,10,3,4,1
0,4,3,2,0
0,10,3,2,0
0,4,2,4,1
0,5,2,3,0
0,2,3,3,0
0,10,2,3,0
0,10,2,3,0
0,5,3,4,1
0,10,6,4,1
0,2,3,3,0
0,7,6,4,1
0,7,2,4,1
0,10,3,4,1
0,7,2,5,0
0,10,3,3,0
0,7,3,5,0
1,4,3,4,1
0,5,3,3,0
1,7,3,3,1
0,10,2,3,0
0,10,2,3,0
0,10,6,4,1
1,10,3,4,1
0,5,3,3,0
0,5,2,5,1
0,2,2,2,0
0,4,3,3,0
0,5,3,3,0
0,2,3,3,0
0,4,3,2,0
0,10,6,4,1
0,4,3,3,0
0,7,2,3,0
0,2,3,5,1
0,7,3,0,0
0,5,2,4,1
0,7,2,3,0
0,5,6,4,1
0,5,3,3,0
0,4,2,2,0
1,7,2,4,1
0,10,3,5,0
0,10,3,3,0
0,7,3,3,0
0,2,3,2,0
0,10,3,3,0
0,4,2,3,0
0,5,3,4,1
0,7,3,5,0
0,7,3,5,1
0,4,3,2,0
0,7,2,5,0
0,10,3,2,0
0,4,3,3,0
0,5,2,4,0
0,5,3,3,0
0,7,3,3,0
0,4,3,2,0
0,4,2,2,0
0,10,3,5,0
0,5,3,2,0
0,10,3,4,1
0,5,3,3,0
0,10,2,2,0
0,5,2,2,0
0,5,2,3,0
0,7,6,4,1
0,5,3,3,0
0,5,3,5,0
0,10,2,5,0
0,2,3,2,0
0,9,3,5,0
0,7,2,5,0
0,5,2,2,0
0,2,3,3,0
0,4,3,3,0
0,7,3,3,0
0,4,2,2,0
0,4,2,2,0
0,4,2,3,0
0,5,2,3,0
0,5,2,5,0
0,5,3,0,0
0,7,2,3,0
0,3,3,3,0
0,10,3,2,0
0,7,2,3,0
1,5,2,3,1
0,7,3,3,0
1,7,3,4,1
1,10,3,4,1
0,4,2,2,0
0,7,2,0,0
0,2,2,2,0
0,5,2,0,0
0,4,2,3,0
0,4,3,2,0
0,5,3,3,0
0,5,3,5,0
0,4,3,0,0
0,3,2,3,0
0,7,2,0,0
0,7,3,0,0
0,5,2,2,0
0,10,6,4,1
0,4,3,3,0
0,3,3,0,0
0,4,2,0,0
1,10,2,3,1
0,4,3,5,1
0,5,3,2,0
0,3,2,0,0
0,5,3,3,0
1,5,3,4,1
0,4,3,3,0
0,5,2,5,1
0,7,2,3,0
0,10,2,2,0
0,7,2,3,0
0,5,2,0,0
0,9,3,5,0
0,5,3,2,0
0,5,2,3,0
1,10,3,3,1
0,7,3,3,0
0,5,3,4,0
0,3,3,0,0
0,5,2,3,0
0,10,2,3,0
0,5,2,0,0
1,10,3,4,1
1,10,3,3,1
0,5,2,3,0
0,3,3,0,0
0,5,3,0,0
0,3,3,3,0
0,4,2,3,0
1,10,2,4,1
0,5,2,4,0
0,5,6,4,1
0,4,3,2,0
0,5,2,0,0
0,3,2,0,0
0,5,2,4,0
0,5,3,5,0
0,4,2,3,0
0,5,2,3,0
1,10,2,3,1
0,5,2,5,0
0,4,2,3,0
0,4,2,3,0
0,5,3,3,0
0,5,2,4,0
0,5,2,4,0
0,5,2,3,0
0,9,2,5,0
0,7,2,3,0
0,5,2,2,0
0,5,2,5,0
0,4,3,3,0
0,7,2,0,0
0,9,3,5,0
0,2,2,3,0
0,3,2,3,0
0,4,3,3,0
1,5,2,3,1
0,5,3,3,0
0,5,2,0,0
0,5,3,0,0
0,4,2,0,0
0,5,3,2,0
0,5,2,2,0
0,7,2,0,0
0,7,3,3,0
0,5,2,4,1
0,4,2,3,0
0,5,2,0,0
0,5,3,3,0
0,10,6,4,1
0,10,3,2,0
1,7,2,4,1
0,5,2,5,0
0,7,3,5,0
0,4,3,3,0
1,10,2,4,1
0,7,3,5,0
0,7,3,0,0
0,4,3,0,0
0,7,3,3,0
0,4,3,0,0
0,4,3,3,0
0,2,3,3,0
0,4,2,3,0
0,7,3,3,0
0,5,2,3,0
0,3,2,3,0
0,7,6,4,1
0,5,3,3,0
0,7,3,5,0
1,10,3,3,1
0,5,2,4,0
0,5,3,0,0
0,10,2,2,0
0,4,2,2,0
0,10,3,3,0
1,5,2,4,1
1,7,3,3,1
0,5,3,4,1
0,10,6,4,1
0,4,2,2,0
0,4,2,0,0
0,9,3,5,0
1,5,2,4,1
0,7,3,3,0
0,7,3,3,0
0,7,3,3,0
0,7,2,0,0
0,4,2,3,0
0,5,3,4,1
0,4,2,5,1
1,7,2,3,1
0,10,3,5,0
0,5,2,3,0
0,3,2,0,0
0,9,3,4,0
0,3,3,0,0
0,10,3,3,0
0,3,3,3,0
1,5,3,3,1
0,7,2,4,0
0,4,2,0,0
0,10,2,4,0
0,9,2,5,0
0,7,3,0,0
0,10,3,3,0
0,4,2,3,0
0,4,2,3,0
0,7,3,4,1
0,4,3,3,0
0,10,2,2,0
0,3,3,3,0
0,3,3,0,0
0,5,3,4,1
0,4,3,3,0
0,5,3,3,0
1,4,2,3,1
0,7,6,4,1
0,4,2,3,0
0,7,3,0,0
0,9,2,4,0
0,5,3,3,0
0,3,3,0,0
1,4,3,4,1
0,4,3,3,0
0,7,2,5,0
0,7,2,3,0
0,4,2,0,0
0,7,3,5,1
1,5,3,4,1
0,4,3,3,0
0,7,2,3,0
0,3,2,0,0
1,4,3,4,1
0,4,2,2,0
0,5,2,3,0
0,10,2,2,0
0,7,3,3,0
0,5,3,2,0
0,10,2,2,0
1,5,2,4,1
0,10,2,3,0
0,5,2,5,1
0,5,2,5,0
0,5,3,0,0
0,5,6,4,1
0,7,3,0,0
1,5,2,4,1
0,7,2,0,0
0,3,2,0,0
0,3,2,3,0
1,5,3,3,1
0,4,3,0,0
0,4,3,3,0
0,3,3,3,0
1,10,3,3,1
0,5,3,0,0
0,5,2,0,0
1,5,2,4,1
0,4,3,0,0
0,4,3,2,0
0,3,3,0,0
0,4,2,0,0
1,5,2,3,1
0,10,3,3,0
0,4,2,0,0
0,7,2,3,0
0,7,2,3,0
0,5,3,3,0
0,3,3,3,0
0,4,2,3,0
0,3,3,3,0
0,7,2,3,0
0,4,2,0,0
0,7,3,3,0
0,7,2,4,0
0,7,6,4,1
0,7,2,3,0
0,7,2,0,0
0,4,3,2,0
0,3,3,0,0
0,4,2,0,0
1,7,3,4,1
0,5,2,0,0
1,7,2,3,1
0,4,3,3,0
0,2,2,2,0
0,3,2,3,0
0,5,3,5,0
0,10,3,3,0
0,3,3,0,0
0,5,3,0,0
0,5,3,0,0
0,7,3,4,0
0,3,3,3,0
0,4,2,0,0
0,5,3,0,0
0,5,3,3,0
0,4,2,3,0
0,5,3,0,0
0,3,2,0,0
0,3,2,0,0
0,7,2,0,0
0,5,2,5,0
1,4,3,4,1
0,3,2,0,0
1,5,2,4,1
0,4,3,3,0
0,5,2,3,0
0,3,2,0,0
0,5,3,3,0
0,3,2,3,0
0,2,3,2,0
0,5,2,3,0
0,7,3,4,0
0,7,2,3,0
0,4,2,3,0
0,10,3,2,0
1,4,2,4,1
0,7,2,5,0
0,5,2,3,0
0,2,3,2,0
0,5,2,3,0
0,9,2,4,0
0,7,3,0,0
0,2,2,4,1
0,2,2,4,1
0,7,2,5,1
0,2,2,3,0
0,2,3,4,1
0,4,3,0,0
0,10,2,3,0
0,7,2,5,0
0,7,2,5,0
0,3,3,0,0
0,5,2,2,0
0,5,2,3,0
0,5,3,0,0
0,3,2,0,0
1,7,2,4,1
0,5,3,3,0
0,7,3,3,0
0,7,2,3,0
0,10,3,3,0
0,7,3,4,0
0,7,3,3,0
0,2,2,2,0
1,4,2,3,1
0,4,2,3,0
0,5,3,2,0
0,4,3,2,0
0,4,2,3,0
0,10,3,2,0
0,2,3,2,0
0,10,2,2,0
0,4,2,3,0
1,5,3,3,1
0,3,3,0,0
0,3,2,0,0
1,7,2,3,1
0,3,2,0,0
0,7,3,3,0
0,7,2,0,0
0,7,2,0,0
0,5,2,5,0
0,5,2,0,0
0,5,2,0,0
1,4,3,4,1
0,7,3,0,0
0,7,2,3,0
0,3,3,0,0
0,4,3,3,0
0,5,2,3,0
0,4,3,3,0
0,4,3,0,0
0,3,2,3,0
0,7,2,0,0
0,4,2,3,0
0,10,3,4,0
0,7,2,0,0
1,7,3,4,1
0,10,2,5,0
0,5,3,3,0
1,10,3,3,1
0,4,2,0,0
0,7,3,0,0
0,3,2,0,0
0,7,2,0,0
0,7,2,0,0
0,3,3,3,0
0,3,3,3,0
0,3,2,3,0
1,7,2,4,1
0,4,3,0,0
1,7,2,3,1
1,10,3,3,1
0,4,3,3,0
0,4,2,0,0
0,3,3,0,0
0,4,2,0,0
0,5,2,0,0
0,4,3,0,0
0,5,3,5,0
0,5,3,4,0
0,4,3,0,0
1,7,3,4,1
1,4,3,3,1
0,7,3,0,0
1,4,3,3,1
0,3,2,3,0
0,3,3,0,0
1,10,2,4,1
1,7,2,4,1
1,10,2,4,1
1,4,2,3,1
0,4,2,0,0
0,7,3,4,0
0,4,3,0,0
0,7,2,0,0
1,4,2,4,1
0,4,3,3,0
0,5,3,5,0
0,5,2,3,0
0,5,3,3,0
1,7,3,3,1
0,4,3,0,0
0,3,2,3,0
1,4,2,3,1
0,7,3,0,0
0,5,3,3,0
0,3,2,3,0
0,3,3,3,0
0,10,2,2,0
0,5,3,0,0
0,5,2,3,0
0,5,3,3,0
0,5,2,0,0
0,3,2,0,0
1,5,2,3,1
0,3,2,3,0
0,7,2,5,0
0,5,2,0,0
0,5,2,4,0
0,7,3,0,0
0,5,2,0,0
1,4,3,4,1
1,7,2,4,1
0,4,3,0,0
0,9,3,4,0
0,4,2,3,0
0,10,2,3,0
0,5,3,0,0
0,7,3,0,0
0,4,2,0,0
0,3,3,3,0
0,5,3,5,0
0,4,3,0,0
0,3,3,3,0
0,7,3,3,0
0,4,3,3,0
0,3,3,0,0
0,7,3,3,0
0,5,3,3,0
0,7,3,0,0
1,4,3,3,1
0,5,3,0,0
0,4,2,2,0
0,4,3,3,0
0,4,3,3,0
0,5,2,5,0
0,5,2,3,0
0,7,2,3,0
0,5,3,5,0
1,5,3,3,1
0,5,2,3,0
1,4,3,3,1
0,4,3,0,0
0,5,2,0,0
0,2,2,2,0
0,4,3,0,0
0,4,3,0,0
0,4,2,3,0
0,4,2,3,0
0,5,2,0,0
1,4,2,4,1
0,7,3,0,0
0,3,2,0,0
0,5,2,5,0
0,7,3,0,0
0,9,3,5,0
0,5,3,2,0
0,4,2,3,0
0,5,2,0,0
0,3,3,0,0
1,10,2,3,1
0,5,3,5,0
0,5,3,3,0
0,3,2,0,0
1,4,3,4,1
0,7,2,3,0
0,7,3,5,0
0,9,3,4,0
0,7,3,4,0
0,4,3,3,0
0,3,3,3,0
0,4,3,0,0
0,7,2,0,0
0,3,2,0,0
0,5,2,3,0
0,7,2,0,0
0,5,3,0,0
0,5,2,3,0
0,7,3,0,0
1,10,2,4,1
0,4,2,0,0
0,7,3,3,0
0,4,3,0,0
0,7,3,3,0
0,5,2,0,0
0,7,3,0,0
0,5,2,4,0
0,5,3,0,0
0,7,2,3,0
0,7,2,3,0
0,3,2,3,0
0,2,2,3,0
1,7,2,3,1
1,7,2,4,1
0,4,2,3,0
0,4,2,3,0
1,4,2,3,1
0,7,2,3,0
1,5,3,4,1
0,4,3,0,0
1,5,3,4,1
0,5,2,0,0
0,3,2,0,0
0,3,2,0,0
0,4,3,3,0
0,10,3,4,0
0,7,2,4,0
0,4,3,3,0
0,10,2,5,0
0,3,3,3,0
0,3,2,0,0
0,7,2,3,0
0,4,2,3,0
0,7,3,5,0
0,4,3,3,0
0,3,2,3,0
0,7,3,3,0
1,4,3,3,1
0,4,2,3,0
0,7,3,5,0
0,5,2,5,0
0,5,3,0,0
0,3,3,0,0
1,7,3,3,1
0,3,2,0,0
0,7,2,0,0
0,5,2,0,0
0,5,3,3,0
0,4,2,3,0
0,7,2,3,0
0,5,3,0,0
0,5,3,0,0
0,4,3,0,0
0,3,2,0,0
0,2,3,3,0
0,5,2,0,0
0,3,3,3,0
0,4,2,0,0
1,10,3,3,1
0,7,2,3,0
0,5,3,4,0
0,5,3,3,0
0,5,2,0,0
0,5,3,0,0
0,7,3,3,0
0,3,2,3,0
0,5,2,3,0
1,7,2,4,1
0,7,3,3,0
0,7,2,4,0
1,10,2,3,1
1,7,2,3,1
1,7,3,3,1
0,9,2,5,0
0,2,2,2,0
1,4,2,3,1
0,7,2,0,0
0,5,3,3,0
0,5,2,5,0
0,3,2,0,0
0,7,2,3,0
0,5,3,3,0
1,7,3,3,1
1,10,2,4,1
0,7,2,3,0
0,7,3,3,0
0,5,2,4,0
0,4,3,3,0
0,3,2,0,0
1,4,3,4,1
0,5,3,0,0
1,7,3,4,1
0,5,2,0,0
0,7,2,3,0
0,5,3,0,0
0,5,3,5,0
0,3,3,3,0
1,4,3,3,1
0,7,3,4,0
0,5,2,3,0
0,4,2,3,0
0,5,6,4,1
0,7,3,3,0
0,7,2,4,0
0,5,3,5,0
0,7,6,4,1
0,3,2,0,0
0,5,2,3,0
0,9,3,5,0
0,7,2,0,0
1,5,2,4,1
0,7,3,3,0
0,3,3,0,0
0,4,3,3,0
0,7,2,0,0
0,4,3,0,0
1,7,2,3,1
0,4,3,3,0
0,4,3,0,0
0,5,2,3,0
0,7,2,3,0
0,4,2,0,0
0,5,2,5,0
1,5,2,4,1
0,7,2,0,0
0,4,2,3,0
0,3,3,3,0
1,7,3,3,1
0,7,2,3,0
1,7,3,3,1
0,5,2,3,0
0,7,2,3,0
0,5,2,0,0
0,5,2,3,0
0,3,3,3,0
0,7,3,3,0
0,4,2,0,0
0,7,2,3,0
0,7,3,0,0
0,5,2,2,0
0,4,3,3,0
0,3,2,0,0
0,5,3,0,0
0,7,3,5,0
1,10,2,3,1
0,7,3,5,0
0,3,3,0,0
0,7,2,5,0
0,5,3,0,0
0,4,2,3,0
0,3,2,0,0
0,2,2,3,0
0,7,6,4,1
0,5,3,0,0
0,3,3,0,0
0,5,3,3,0
0,2,2,3,0
0,3,2,3,0
0,5,3,3,0
0,5,2,3,0
0,4,3,0,0
0,5,3,3,0
0,5,3,0,0
0,5,3,3,0
0,10,3,5,0
0,5,2,3,0
0,2,2,2,0
0,5,2,0,0
1,5,2,3,1
0,3,3,3,0
1,5,3,3,1
0,3,2,3,0
0,4,3,3,0
1,7,3,3,1
0,7,2,0,0
1,7,3,3,1
0,7,3,3,0
0,7,2,3,0
1,10,3,4,1
0,5,2,0,0
0,3,2,0,0
0,7,3,3,0
0,7,2,0,0
0,9,2,5,0
1,4,2,3,1
0,4,2,3,0
0,10,2,5,0
0,3,3,0,0
0,4,2,0,0
0,2,2,2,0
0,4,2,0,0
0,5,2,0,0
0,3,3,0,0
1,10,3,3,1
0,3,3,0,0
0,10,2,2,0
0,7,3,0,0
0,3,2,3,0
0,3,3,0,0
0,7,2,3,0
0,7,2,0,0
0,7,3,4,0
0,2,3,2,0
0,5,3,4,0
1,7,2,3,1
0,3,3,0,0
1,4,2,4,1
0,5,3,0,0
0,4,2,0,0
0,4,2,0,0
0,5,3,0,0
0,5,3,3,0
0,2,2,3,0
0,4,2,0,0
0,4,2,3,0
1,7,2,4,1
0,5,2,0,0
1,5,2,3,1
0,5,2,0,0
0,7,2,4,0
0,4,2,3,0
1,10,3,4,1
0,3,2,3,0
1,10,3,4,1
0,7,3,4,0
0,7,3,3,0
0,5,3,3,0
0,3,2,3,0
0,7,3,0,0
0,5,3,3,0
0,7,2,3,0
0,5,3,0,0
0,5,2,3,0
0,4,3,0,0
0,10,3,4,0
0,7,2,0,0
0,7,2,3,0
0,10,3,3,0
0,5,2,5,0
0,4,2,0,0
0,4,3,3,0
0,3,3,0,0
0,7,2,3,0
0,5,2,0,0
0,4,2,0,0
0,5,3,3,0
0,7,3,5,0
0,4,3,3,0
0,4,2,0,0
0,7,3,0,0
0,7,2,5,1
1,7,2,3,1
1,7,3,4,1
0,9,2,4,0
0,5,3,0,0
0,4,3,0,0
0,3,3,3,0
0,3,3,3,0
0,3,2,3,0
0,5,2,0,0
0,7,3,3,0
0,5,2,0,0
0,5,2,4,0
1,4,3,4,1
0,3,3,3,0
0,5,3,4,0
1,4,3,3,1
1,4,2,4,1
1,5,2,3,1
0,3,3,0,0
0,3,3,3,0
0,3,2,0,0
0,3,2,0,0
0,4,2,0,0
1,7,3,4,1
1,5,2,4,1
0,7,3,0,0
0,4,2,0,0
0,3,3,3,0
0,10,2,4,0
0,5,3,4,0
0,7,2,0,0
0,5,3,3,0
0,4,2,0,0
0,5,3,2,0
0,5,3,0,0
0,3,3,3,0
0,5,3,3,0
0,7,3,0,0
0,5,3,3,0
0,3,2,3,0
0,3,3,3,0
0,7,2,3,0
0,7,3,3,0
0,5,2,0,0
0,7,3,3,0
0,3,2,3,0
0,5,3,0,0
0,3,2,3,0
0,7,2,0,0
0,2,2,2,0
0,5,2,2,0
0,7,2,0,0
1,4,2,3,1
0,4,3,3,0
1,10,2,3,1
0,5,3,4,0
1,10,2,4,1
0,2,3,3,0
0,5,3,2,0
0,5,3,5,0
0,5,3,3,0
0,7,2,3,0
0,7,2,0,0
0,5,2,0,0
0,3,3,3,0
0,5,2,0,0
0,5,2,3,0
0,5,3,2,0
0,7,2,3,0
0,10,2,3,0
1,5,2,4,1
0,7,2,3,0
0,3,2,3,0
0,5,3,3,0
0,3,3,3,0
0,7,3,5,0
0,5,2,5,0
0,5,3,5,0
0,10,2,5,0
0,7,3,0,0
0,3,2,3,0
0,5,3,0,0
0,4,3,0,0
0,5,2,3,0
0,5,3,0,0
0,4,3,0,0
0,4,3,0,0
0,10,2,5,0
0,4,3,3,0
0,5,2,3,0
1,10,2,3,1
0,5,2,5,0
0,7,2,3,0
0,5,2,3,0
1,5,3,4,1
0,4,2,3,0
0,5,2,4,0
0,7,2,0,0
0,3,2,3,0
0,10,3,4,0
0,3,3,0,0
0,7,3,0,0
0,9,2,5,0
0,10,2,2,0
0,4,3,2,0
0,7,3,3,0
0,4,2,0,0
0,5,2,3,0
0,7,2,0,0
0,3,3,0,0
0,5,3,3,0
0,2,3,2,0
1,4,2,4,1
0,4,2,0,0
0,4,2,3,0
0,5,2,3,0
0,5,3,0,0
0,4,3,0,0
1,5,2,4,1
0,5,2,0,0
0,7,3,3,0
1,5,2,4,1
0,7,3,0,0
0,7,2,0,0
0,9,2,4,0
0,7,2,3,0
1,7,3,4,1
0,3,2,0,0
0,3,3,3,0
0,7,3,3,0
0,5,2,0,0
0,10,3,5,0
1,10,3,3,1
0,7,3,0,0
0,7,2,5,1
1,10,3,3,1
0,5,3,3,0
0,4,3,3,0
0,5,3,5,0
0,3,3,3,0
0,3,2,0,0
1,5,3,3,1
0,3,2,3,0
0,4,3,3,0
0,5,2,3,0
0,7,3,4,0
0,4,2,3,0
0,5,2,0,0
0,4,2,3,0
0,3,3,3,0
0,5,2,5,0
0,7,3,3,0
1,5,3,3,1
0,5,3,0,0
0,4,3,3,0
0,7,2,4,0
0,7,3,5,0
0,4,2,0,0
0,3,2,0,0
0,4,2,0,0
0,4,3,3,0
0,7,2,5,0
0,7,2,0,0
0,5,2,0,0
1,5,3,3,1
1,4,2,4,1
0,7,2,0,0
0,5,3,4,1
0,7,2,3,0
0,4,2,0,0
1,10,2,3,1
0,4,3,3,0
0,3,2,0,0
1,5,2,3,1
0,3,2,0,0
0,4,3,3,0
0,5,2,3,0
1,5,3,4,1
0,4,2,0,0
0,3,3,0,0
0,7,3,3,0
0,7,3,0,0
1,4,2,4,1
0,7,3,3,0
0,7,3,0,0
1,4,2,4,1
0,7,2,0,0
0,10,3,4,0
0,3,3,0,0
0,9,2,4,0
0,7,3,4,0
0,5,3,5,0
0,7,2,4,0
0,3,3,3,0
0,9,3,5,0
0,7,2,5,0
0,7,3,3,0
1,5,3,3,1
0,5,2,4,0
1,5,2,4,1
0,5,3,3,0
0,3,2,0,0
0,2,3,3,0
1,3,1,5,0
0,4,3,0,0
0,7,3,3,0
0,7,2,4,0
0,3,2,3,0
0,3,2,3,0
1,7,2,4,1
0,7,3,5,0
0,4,3,2,0
0,5,2,3,0
0,5,3,4,0
0,5,2,3,0
0,7,3,0,0
0,5,2,4,0
0,10,3,5,0
0,9,2,4,0
0,5,3,0,0
0,9,2,4,0
0,9,3,4,0
0,10,3,4,0
0,10,3,5,0
0,3,3,3,0
0,7,2,5,0
0,5,2,3,0
0,3,2,0,0
0,7,3,0,0
0,7,2,4,0
1,4,3,3,1
0,7,2,4,0
0,7,2,3,0
0,3,3,0,0
0,10,3,4,0
0,7,2,4,0
0,10,2,4,0
0,5,2,4,0
0,3,3,0,0
0,10,3,4,0
0,7,2,4,0
0,9,2,5,0
0,5,3,5,0
0,10,3,4,1
0,10,3,4,0
1,10,3,4,1
0,3,2,3,0
0,9,3,5,0
0,10,2,4,0
0,3,2,0,0
0,10,3,5,0
0,5,3,3,0
0,10,3,5,0
0,9,3,4,0
0,7,2,0,0
0,5,2,0,0
0,5,2,3,0
0,5,2,3,0
0,5,3,5,0
0,5,2,0,0
0,4,2,0,0
0,10,3,4,0
0,7,3,5,0
0,9,3,4,0
0,7,2,5,0
0,3,3,3,0
0,5,2,0,0
0,3,2,0,0
0,4,3,0,0
0,9,3,4,0
0,9,3,5,0
0,10,2,4,0
0,7,3,4,1
0,4,2,0,0
1,5,2,3,1
0,5,2,4,0
0,10,3,4,0
0,4,3,0,0
0,3,3,0,0
0,3,3,0,0
0,5,3,0,0
0,3,3,0,0
0,10,3,4,0
0,9,3,5,0
0,4,3,3,0
0,5,2,0,0
0,7,3,3,0
0,5,2,5,0
0,3,3,0,0
0,4,3,0,0
0,3,2,3,0
0,4,3,3,0
0,4,3,0,0
0,7,2,0,0
0,10,3,4,0
0,3,2,0,0
0,5,3,3,0
0,7,2,4,0
0,9,2,4,0
0,5,2,4,0
0,3,2,3,0
0,7,3,0,0
0,7,3,5,0
1,10,2,4,1
0,3,2,0,0
0,4,2,3,0
0,7,2,4,0
0,9,2,5,0
0,7,3,0,0
0,5,2,3,0
0,3,3,3,0
0,10,3,4,0
0,10,2,4,0
0,7,2,3,0
0,7,2,0,0
0,3,2,3,0
0,7,2,3,0
1,10,2,3,1
0,4,3,3,0
0,10,3,4,0
0,4,2,0,0
0,4,3,3,0
0,4,3,3,0
0,5,6,4,1
0,3,3,0,0
0,3,2,0,0
0,4,2,3,0
0,7,2,4,0
0,5,2,4,0
0,5,2,4,0
0,4,2,3,0
0,5,3,3,0
1,4,3,4,1
0,7,3,3,0
0,10,3,5,0
0,5,3,4,0
0,7,3,0,0
0,10,3,4,0
0,9,3,4,0
0,7,2,5,0
0,9,3,4,0
0,7,2,4,0
1,7,2,4,1
0,4,2,3,0
0,10,3,4,0
0,7,3,5,0
1,10,3,3,1
0,9,2,5,0
0,3,2,3,0
0,9,2,4,0
0,4,3,3,0
0,3,3,0,0
0,7,2,3,0
0,10,3,4,0
0,4,2,3,0
0,5,3,4,0
0,3,2,3,0
0,4,2,0,0
0,3,3,3,0
1,10,2,4,1
0,7,2,5,0
0,4,3,3,0
1,5,3,3,1
0,5,3,4,0
0,9,3,5,0
0,7,3,0,0
0,7,2,4,0
0,7,3,3,0
0,3,2,3,0
0,4,2,2,0
0,7,3,3,0
0,9,3,4,0
0,5,2,5,0
0,5,3,0,0
1,5,3,3,1
0,10,3,4,0
1,5,2,3,1
1,10,3,4,1
0,7,3,4,0
0,3,3,0,0
0,7,3,5,0
0,3,2,0,0
0,10,3,5,0
0,7,3,3,0
0,7,2,0,0
0,4,2,0,0
0,4,2,3,0
0,10,3,4,0
0,9,3,4,0
0,4,2,0,0
0,10,2,5,0
1,10,3,4,1
0,5,3,3,0
1,7,2,3,1
0,3,3,3,0
0,5,2,0,0
1,10,3,4,1
0,4,3,0,0
0,5,2,3,0
0,9,2,4,0
0,4,2,0,0
0,4,3,3,0
0,7,3,0,0
0,3,2,3,0
0,5,3,4,1
0,5,3,4,1
0,7,3,0,0
0,9,3,5,0
0,5,2,5,0
0,9,3,5,0
0,4,2,3,0
0,9,3,5,0
0,5,2,4,0
0,7,2,0,0
0,5,3,4,0
0,3,2,0,0
0,4,2,3,0
0,9,2,4,0
0,3,3,3,0
0,10,2,5,0
0,7,2,5,0
0,9,2,4,0
0,7,3,0,0
0,4,2,3,0
0,7,3,0,0
0,5,2,0,0
0,10,2,5,0
0,10,3,5,0
0,5,2,5,0
0,4,3,3,0
0,5,3,3,0
0,5,2,3,0
0,7,3,3,0
0,9,3,4,0
0,3,2,3,0
0,7,2,4,0
0,5,3,5,0
0,4,3,0,0
0,4,2,3,0
0,7,3,3,0
0,7,3,0,0
0,9,3,4,0
0,4,2,3,0
0,9,3,4,0
0,7,3,5,0
0,7,3,0,0
0,5,2,2,0
0,5,3,3,0
1,5,3,4,1
0,7,3,3,0
0,5,3,4,0
0,5,3,3,0
0,9,2,4,0
0,7,3,4,0
1,5,2,4,1
0,7,3,0,0
0,5,2,5,0
0,5,2,5,0
0,5,2,4,0
0,10,3,5,0
0,9,2,5,0
1,7,3,4,1
0,4,2,2,0
0,5,3,4,0
0,10,3,5,0
0,5,3,3,0
0,9,3,5,0
0,4,3,3,0
0,7,3,3,0
0,5,3,4,0
0,9,3,4,0
0,5,2,3,0
0,5,2,3,0
0,3,3,3,0
0,7,2,5,0
0,5,3,5,0
1,7,2,3,1
0,7,2,4,0
0,4,3,0,0
0,2,3,3,0
0,3,3,3,0
0,4,2,3,0
0,7,2,5,0
0,5,3,4,0
0,7,2,3,0
1,5,2,3,1
0,4,3,0,0
0,7,2,5,0
0,7,3,4,0
0,10,3,4,0
0,7,3,5,0
0,10,3,5,0
0,9,2,5,0
0,7,3,4,0
0,9,2,5,0
0,10,2,4,0
0,7,2,4,0
0,10,2,4,0
0,9,3,4,0
1,10,3,4,1
0,5,3,4,0
0,7,2,4,0
0,7,3,5,0
0,10,2,5,0
0,5,2,4,0
0,5,2,4,0
0,9,2,4,0
0,7,3,5,0
0,5,3,5,0
0,7,2,4,0
0,9,2,4,0
0,10,2,4,0
0,9,3,4,0
0,7,3,5,0
0,5,2,4,0
1,7,1,5,0
1,7,2,3,1
0,5,2,4,0
0,3,3,3,0
0,9,3,4,0
0,5,3,5,0
0,10,3,4,0
0,9,3,5,0
0,10,3,4,0
0,9,2,4,0
0,5,3,5,0
0,10,2,5,0
0,10,2,4,0
0,9,2,4,0
0,7,3,5,0
0,5,2,5,0
0,7,3,4,0
0,5,2,4,0
0,5,3,4,0
1,5,3,4,1
0,9,3,5,0
1,10,2,3,1
0,9,2,5,0
0,7,2,5,0
0,9,3,4,0
0,7,3,4,0
0,5,3,5,0
0,7,3,4,0
0,5,3,5,0
0,9,3,4,0
0,10,3,5,0
0,9,2,4,0
0,9,2,5,0
0,7,3,5,0
0,7,2,4,0
0,9,2,5,0
0,9,3,5,0
0,5,3,5,0
0,10,3,5,0
0,7,2,5,0
0,5,2,5,0
0,7,3,4,0
0,7,2,4,0
0,5,3,4,0
0,5,3,4,0
0,5,2,4,0
0,5,3,5,0
0,7,2,4,0
0,10,2,5,0
0,7,3,4,0
1,7,1,5,0
0,9,2,5,0
0,10,3,5,0
0,9,3,4,0
0,7,3,5,0
0,10,2,4,0
0,7,2,4,0
0,7,2,5,0
0,7,2,5,0
0,5,2,5,0
0,10,2,4,0
0,9,3,4,0
0,9,2,4,0
0,10,2,5,0
0,4,3,3,0
0,9,2,5,0
0,7,2,5,0
0,5,3,4,0
0,5,2,4,0
0,9,2,5,0
0,5,3,4,0
0,7,3,5,0
0,7,3,0,0
0,10,3,5,0
0,10,2,4,0
0,7,2,5,0
0,10,2,5,0
0,9,3,4,0
0,9,2,4,0
0,10,2,5,0
0,10,2,5,0
0,10,3,4,0
1,2,3,3,1
0,7,3,5,0
0,5,2,4,0
0,7,2,5,0
0,7,3,4,0
0,10,3,4,0
0,10,3,5,0
0,7,3,4,0
0,5,2,4,0
0,10,2,4,0
0,10,3,4,0
0,7,2,4,0
0,5,3,4,0
0,9,3,4,0
0,10,3,5,0
0,7,2,4,0
0,5,3,5,0
0,4,3,3,0
0,7,2,5,0
0,7,2,4,0
0,7,3,4,0
0,10,2,4,0
0,7,3,5,0
0,7,3,4,0
0,7,2,4,0
0,7,2,5,0
0,7,3,5,0
0,3,2,3,0
1,2,1,5,0
0,7,2,5,0
0,10,3,5,0
1,10,2,4,1
0,9,2,5,0
0,5,3,5,0
0,5,2,4,0
0,5,2,4,0
0,7,3,4,0
0,5,3,0,0
0,9,3,5,0
0,5,2,5,0
0,9,3,5,0
0,10,2,5,0
0,3,3,3,0
0,7,3,4,0
0,10,2,4,0
0,7,2,5,0
0,9,3,5,0
0,10,3,4,0
0,9,3,4,0
0,5,3,4,0
0,5,3,0,0
0,10,2,5,0
0,5,2,5,0
0,10,3,5,0
0,10,2,5,0
0,5,2,5,0
0,3,2,0,0
0,7,3,4,0
0,7,2,5,0
0,7,3,4,0
0,5,3,4,0
0,5,2,3,0
0,5,2,4,0
0,9,2,5,0
0,5,2,4,0
0,9,3,5,0
0,9,2,5,0
0,10,3,5,0
0,5,3,4,0
0,10,3,4,0
0,7,2,5,0
0,9,3,5,0
0,7,3,4,0
0,5,2,5,0
0,7,2,5,0
1,5,2,4,1
0,10,2,5,0
0,7,3,5,0
1,7,2,3,1
0,9,2,5,0
0,9,2,5,0
0,5,2,4,0
0,5,3,4,0
0,7,2,4,0
0,7,3,5,0
0,5,2,3,0
0,7,3,4,0
0,7,3,3,0
0,10,3,5,0
0,7,2,4,0
0,7,3,4,0
0,9,2,4,0
0,10,3,4,0
0,10,2,5,0
0,10,2,4,0
0,5,3,5,0
0,7,3,4,0
0,7,2,4,0
0,5,2,5,0
0,10,3,4,0
0,10,3,5,0
0,5,2,4,0
0,7,3,5,0
0,9,3,4,0
0,10,2,5,0
0,10,2,4,0
0,7,2,4,0
0,10,2,5,0
0,7,2,5,0
0,5,3,4,0
0,10,2,5,0
0,10,2,4,0
0,7,2,5,0
0,10,2,5,0
0,9,3,5,0
0,9,2,4,0
0,10,3,5,0
0,9,3,4,0
0,10,2,4,0
0,10,2,5,0
0,10,2,4,0
0,10,2,4,0
0,5,2,5,0
0,9,3,5,0
0,9,3,5,0
0,10,3,4,0
0,7,3,4,0
0,9,3,4,0
0,10,3,5,0
0,5,3,5,0
0,9,3,4,0
0,9,2,5,0
0,9,3,4,0
0,10,3,4,0
0,7,3,5,0
0,9,2,4,0
0,3,3,3,0
0,10,3,5,0
0,5,3,3,0
0,9,3,5,0
0,10,2,5,0
1,10,3,3,1
0,5,2,4,0
0,10,2,5,0
0,10,3,5,0
0,5,2,4,0
0,5,2,4,0
0,7,3,5,0
0,5,2,5,0
0,5,3,4,0
0,5,3,5,0
0,7,2,5,0
0,9,2,5,0
0,5,2,5,0
0,10,2,4,0
0,7,2,5,0
0,5,2,4,0
0,4,3,0,0
0,5,2,4,0
0,10,2,5,0
0,10,2,5,0
0,7,3,5,0
0,5,2,5,0
0,9,3,4,0
0,7,3,5,0
1,10,3,4,1
0,10,2,4,0
0,4,2,3,0
0,7,3,3,0
0,7,2,4,0
0,5,2,5,0
0,5,2,4,0
0,5,2,4,0
0,9,2,5,0
0,10,3,4,0
1,3,1,5,0
0,10,2,5,0
0,3,2,0,0
1,5,3,4,1
0,7,3,5,0
0,5,3,4,0
0,7,2,5,0
0,9,2,4,0
0,10,2,4,0
0,9,3,4,0
0,9,2,5,0
0,9,2,4,0
0,5,3,5,0
0,9,3,5,0
0,5,2,5,0
1,5,2,4,1
0,5,2,4,0
0,7,2,4,0
0,10,2,4,0
0,7,2,4,0
0,10,3,4,0
0,10,3,5,0
0,10,3,5,0
0,10,2,5,0
0,5,3,5,0
0,7,2,4,0
0,7,3,4,0
0,7,3,4,0
0,5,2,4,0
0,9,3,4,0
0,7,2,5,0
0,10,3,4,0
0,9,2,5,0
0,7,2,5,0
0,7,2,4,0
0,9,3,5,0
0,7,3,4,0
0,7,2,5,0
0,5,3,5,0
0,9,3,5,0
0,7,3,4,0
1,2,2,4,1
0,9,3,5,0
0,10,2,5,0
0,10,2,5,0
0,9,3,4,0
0,5,2,5,0
0,10,3,5,0
0,5,3,5,0
0,7,2,4,0
0,9,3,5,0
0,7,3,5,0
0,9,3,4,0
0,7,2,5,0
0,9,2,4,0
0,9,3,5,0
0,10,2,5,0
0,5,2,5,0
1,3,1,5,0
0,9,2,4,0
0,7,3,5,0
0,10,2,4,0
0,7,3,5,0
0,7,2,4,0
0,5,2,5,0
0,7,3,5,0
0,10,3,5,0
0,4,3,0,0
0,5,2,5,0
0,7,2,5,0
0,7,2,4,0
0,5,3,5,0
0,7,3,4,0
0,7,2,5,0
0,10,3,4,0
0,10,2,4,0
0,7,2,5,0
0,5,2,5,0
0,9,2,4,0
0,9,3,5,0
0,7,2,4,0
0,7,3,4,0
0,7,2,4,0
0,9,2,5,0
0,10,2,4,0
0,7,2,4,0
0,7,3,4,0
0,10,2,4,0
0,10,3,4,0
0,7,3,5,0
0,5,3,4,0
0,10,2,4,0
0,9,2,5,0
1,4,2,3,1
0,5,3,3,0
0,9,2,4,0
0,5,2,5,0
1,9,3,3,1
0,10,2,5,0
0,7,2,4,0
0,7,3,5,0
0,9,2,4,0
0,4,3,3,0
0,7,3,4,0
0,5,3,4,0
0,5,3,4,0
0,5,3,5,0
0,5,2,4,0
0,10,3,4,0
0,7,2,5,0
1,7,3,4,1
0,9,3,5,0
0,10,2,5,0
0,5,3,4,0
0,7,2,4,0
0,3,2,3,0
0,4,3,0,0
0,10,2,4,0
0,5,3,4,0
0,7,3,5,0
0,9,3,5,0
0,7,3,5,0
0,10,2,5,0
0,10,2,4,0
0,10,2,4,0
0,5,3,5,0
0,10,3,4,0
1,7,3,3,1
0,9,2,5,0
0,7,3,5,0
0,9,2,4,0
0,7,2,4,0
0,10,2,5,0
0,5,3,3,0
0,9,3,5,0
0,7,2,4,0
0,5,3,4,0
0,7,2,4,0
0,5,2,5,0
0,5,3,5,0
0,5,2,4,0
0,9,3,5,0
0,10,2,5,0
0,7,2,4,0
0,7,3,5,0
0,5,3,4,0
0,10,2,5,0
0,5,2,5,0
1,2,1,5,0
0,9,2,4,0
0,9,2,4,0
1,3,1,4,0
0,5,2,4,0
0,5,2,4,0
1,3,1,5,0
1,5,3,3,1
0,9,2,4,0
0,7,3,5,0
0,9,3,4,0
0,10,2,5,0
0,5,3,4,0
0,5,3,5,0
0,10,3,5,0
0,7,2,4,0
0,10,2,5,0
0,9,2,4,0
0,7,2,5,0
0,9,3,4,0
0,5,2,5,0
0,7,2,5,0
0,9,3,4,0
0,10,3,4,0
0,9,3,4,0
0,5,3,4,0
0,9,2,5,0
1,2,2,4,1
0,9,2,5,0
0,10,3,4,0
0,5,3,5,0
0,5,2,4,0
0,10,2,5,0
1,7,1,5,0
0,5,2,5,0
0,7,3,4,0
0,10,2,4,0
0,7,3,4,0
1,7,1,4,0
0,10,3,5,0
0,7,2,4,0
0,7,2,4,0
0,5,2,5,0
0,9,3,5,0
0,5,2,5,0
0,7,2,5,0
0,5,2,5,0
0,5,2,4,0
0,7,3,4,0
0,5,3,4,0
0,5,2,4,0
0,10,3,4,0
0,7,3,4,0
0,10,3,5,0
0,9,2,4,0
0,10,3,4,0
0,7,3,4,0
0,7,2,5,0
0,5,3,4,0
0,7,2,5,0
0,10,3,4,0
1,2,1,4,0
0,5,2,5,0
0,10,3,5,0
0,5,3,5,0
0,5,3,5,0
0,10,2,4,0
0,9,2,5,0
0,5,2,5,0
0,5,2,4,0
0,10,2,5,0
0,5,3,4,0
1,2,1,4,0
0,7,3,4,0
0,5,3,4,0
0,5,2,5,0
0,5,3,4,0
0,7,2,5,0
0,10,3,4,0
0,9,3,5,0
0,5,3,5,0
0,7,2,4,0
0,10,2,5,0
0,7,3,5,0
0,9,3,5,0
0,10,3,5,0
0,7,2,5,0
0,9,3,4,0
0,5,3,4,0
0,5,3,5,0
0,9,2,5,0
0,7,3,4,0
0,10,3,4,0
0,7,3,4,0
1,2,3,4,1
0,5,3,4,0
0,10,3,5,0
0,7,2,0,0
0,10,3,4,0
0,5,3,5,0
0,10,3,4,0
0,10,3,4,0
0,7,3,4,0
0,5,3,5,0
0,5,3,4,0
0,5,3,4,0
0,7,2,4,0
0,9,2,5,0
0,7,3,4,0
0,10,2,4,0
0,9,2,4,0
0,10,3,5,0
0,9,3,5,0
0,7,2,5,0
0,3,2,3,0
0,7,3,4,0
0,9,2,5,0
0,5,3,5,0
0,10,2,4,0
0,9,3,5,0
0,10,2,5,0
0,7,2,4,0
0,10,2,4,0
0,9,2,5,0
0,7,2,4,0
0,10,2,4,0
0,10,3,5,0
0,7,3,4,0
0,7,3,4,0
0,7,3,5,0
0,5,2,4,0
0,7,2,4,0
0,9,2,5,0
0,5,3,4,0
0,5,2,5,0
0,10,3,5,0
0,9,3,5,0
0,10,3,4,0
0,5,3,5,0
0,7,3,4,0
0,10,3,5,0
0,10,2,4,0
0,9,2,4,0
0,5,2,4,0
0,9,3,4,0
0,9,3,5,0
0,5,2,5,0
0,7,3,4,0
0,5,3,5,0
0,9,2,4,0
1,7,3,4,1
0,7,2,5,0
0,10,3,4,0
0,10,3,5,0
0,5,3,4,0
0,10,2,5,0
0,10,2,4,0
0,5,3,0,0
0,10,2,5,0
0,10,3,4,0
0,7,2,4,0
0,7,3,4,0
0,5,3,5,0
0,7,2,5,0
1,3,1,5,0
0,10,3,4,0
0,9,2,4,0
0,5,3,4,0
0,5,2,5,0
0,5,2,4,0
0,10,3,5,0
0,9,2,4,0
0,10,2,4,0
0,9,3,5,0
0,10,2,4,0
0,5,2,5,0
0,9,2,4,0
0,9,2,4,0
0,7,3,5,0
0,9,3,5,0
0,9,2,5,0
0,7,3,4,0
0,7,2,5,0
0,7,3,5,0
0,10,3,4,0
0,10,2,5,0
0,9,2,4,0
0,9,3,4,0
0,5,3,5,0
0,7,3,5,0
0,7,3,4,0
0,5,2,4,0
0,9,2,5,0
0,7,3,5,0
0,9,3,5,0
0,7,2,4,0
0,9,3,5,0
0,3,2,3,0
0,5,3,5,0
0,10,3,5,0
0,5,2,5,0
0,9,2,5,0
0,9,3,4,0
0,5,2,5,0
0,10,2,5,0
0,10,2,5,0
0,9,2,5,0
0,9,3,5,0
0,7,3,5,0
0,9,2,5,0
0,7,2,4,0
0,10,3,4,0
0,10,3,5,0
0,5,2,4,0
0,9,2,5,0
0,5,3,5,0
1,7,2,4,1
0,5,3,5,0
0,7,3,5,0
0,5,2,5,0
0,10,2,4,0
0,10,3,4,0
0,7,3,4,0
0,10,2,5,0
0,5,3,4,0
0,7,2,5,0
0,10,3,5,0
0,9,2,5,0
0,9,2,5,0
0,10,2,5,0
0,9,3,4,0
0,9,3,4,0
0,5,3,4,0
1,2,1,4,0
0,10,3,4,0
0,10,2,5,0
0,9,3,5,0
1,2,1,5,0
0,9,3,4,0
0,5,3,4,0
0,9,2,4,0
0,7,2,4,0
0,7,3,5,0
0,7,3,4,0
0,5,2,4,0
0,5,3,4,0
0,10,2,4,0
0,9,2,5,0
0,7,3,4,0
0,9,2,5,0
0,7,2,5,0
0,7,2,4,0
0,5,2,5,0
0,10,3,5,0
0,10,3,5,0
0,7,2,3,0
0,7,2,5,0
0,7,3,5,0
0,10,2,5,0
0,9,3,4,0
0,10,2,5,0
0,10,3,4,0
0,5,3,4,0
0,10,2,4,0
1,2,3,3,1
0,7,3,5,0
0,5,2,4,0
0,10,3,5,0
0,3,3,3,0
0,5,3,5,0
0,5,3,4,0
0,10,3,5,0
0,10,2,5,0
0,5,2,5,0
0,5,2,4,0
0,5,3,4,0
0,5,3,4,0
0,5,2,4,0
0,10,3,4,0
0,7,3,4,0
0,7,3,5,0
0,5,3,4,0
0,10,3,4,0
0,10,2,5,0
0,5,2,3,0
0,10,3,5,0
0,5,3,5,0
0,9,2,4,0
0,7,3,5,0
0,5,3,5,0
0,9,2,4,0
0,9,2,5,0
0,7,3,4,0
0,9,2,4,0
0,5,2,4,0
0,7,3,5,0
0,7,3,5,0
0,10,2,4,0
0,9,2,5,0
0,9,3,4,0
0,5,2,5,0
0,5,2,4,0
0,10,3,5,0
0,10,3,4,0
0,5,3,5,0
0,9,2,5,0
0,9,2,5,0
0,9,2,4,0
1,9,2,4,1
0,7,3,5,0
0,7,3,4,0
0,7,3,3,0
0,7,2,5,0
0,9,2,5,0
0,9,2,5,0
0,5,3,5,0
0,10,3,4,0
0,10,2,5,0
0,10,3,5,0
0,9,3,4,0
0,5,3,4,0
0,10,3,5,0
0,10,3,4,0
0,9,3,5,0
0,7,2,4,0
0,7,2,5,0
0,9,3,5,0
1,9,2,3,1
0,10,2,4,0
0,10,2,4,0
0,9,2,5,0
0,5,2,4,0
0,5,2,5,0
0,5,3,5,0
0,9,3,5,0
0,7,3,5,0
0,9,2,4,0
0,7,2,4,0
0,10,3,4,0
0,9,3,5,0
0,7,2,5,0
0,7,3,5,0
0,10,3,5,0
0,5,2,5,0
0,10,3,5,0
0,7,3,5,0
0,7,3,5,0
0,7,3,4,0
0,4,2,3,0
0,10,2,4,0
0,5,3,5,0
0,9,2,4,0
0,5,2,5,0
0,5,2,4,0
1,5,2,4,1
0,10,2,4,0
0,10,2,4,0
0,4,2,0,0
0,9,2,5,0
1,9,3,4,1
0,7,2,4,0
0,7,2,4,0
0,9,2,4,0
0,7,2,4,0
0,9,2,4,0
0,5,3,5,0
0,5,2,4,0
0,10,3,5,0
0,7,3,5,0
0,5,3,4,0
1,3,1,5,0
0,5,3,5,0
0,10,2,4,0
0,5,2,5,0
0,7,2,5,0
0,7,2,5,0
0,7,3,5,0
0,5,3,5,0
0,5,3,5,0
0,7,3,4,0
0,9,2,4,0
0,10,2,5,0
0,9,3,4,0
0,5,3,5,0
0,7,2,5,0
0,10,2,5,0
0,9,3,4,0
0,10,2,5,0
0,9,3,4,0
0,9,2,5,0
0,9,2,5,0
0,5,2,5,0
0,10,3,5,0
1,2,1,5,0
0,7,2,4,0
0,5,3,5,0
0,7,3,4,0
0,10,3,4,0
0,5,2,5,0
0,7,2,5,0
0,7,2,4,0
0,10,2,4,0
0,10,2,4,0
0,5,3,4,0
1,3,1,4,0
0,9,3,5,0
0,9,2,5,0
0,5,3,4,0
0,9,3,4,0
0,7,3,5,0
0,10,3,4,0
0,9,2,4,0
0,7,3,5,0
0,7,2,5,0
0,10,2,4,0
0,5,3,4,0
0,9,3,4,0
0,7,2,5,0
0,7,3,4,0
0,9,2,5,0
0,5,3,5,0
0,7,3,5,0
0,5,3,4,0
0,5,2,5,0
0,5,2,5,0
0,10,3,5,0
0,10,2,4,0
0,9,2,4,0
0,5,3,5,0
0,10,3,5,0
0,9,3,5,0
0,9,2,5,0
0,9,3,4,0
0,5,3,3,0
0,10,2,4,0
0,7,3,5,0
0,9,3,5,0
0,5,2,5,0
0,9,2,4,0
0,10,2,4,0
0,9,3,5,0
0,10,3,5,0
0,9,2,5,0
0,9,2,4,0
0,10,3,5,0
0,7,2,5,0
0,9,3,4,0
0,9,3,4,0
0,7,3,4,0
0,9,3,4,0
0,10,3,4,0
0,9,2,5,0
0,10,2,5,0
0,10,2,5,0
0,10,2,4,0
0,10,3,5,0
0,7,2,4,0
1,3,1,4,0
0,10,2,4,0
0,7,3,5,0
0,5,3,5,0
0,9,2,4,0
0,9,2,4,0
0,5,2,5,0
0,5,2,5,0
0,10,2,4,0
0,9,3,4,0
0,5,2,4,0
1,3,1,4,0
0,9,3,5,0
1,7,1,5,0
1,2,2,3,1
0,9,3,5,0
0,9,3,4,0
0,7,2,5,0
0,7,2,5,0
1,3,1,5,0
0,10,3,4,0
0,9,2,5,0
0,9,3,5,0
1,7,3,3,1
0,9,3,5,0
0,9,2,4,0
1,2,1,4,0
1,2,1,5,0
0,7,3,4,0
0,5,2,4,0
0,10,2,4,0
0,10,2,4,0
0,10,3,5,0
0,9,3,4,0
0,10,3,5,0
0,7,2,4,0
1,9,2,3,1
1,2,1,5,0
0,7,3,5,0
0,10,2,4,0
0,10,2,4,0
0,10,3,5,0
0,9,2,5,0
0,10,3,4,0
1,3,1,4,0
0,10,3,5,0
0,7,3,4,0
1,7,3,3,1
0,7,2,5,0
0,7,2,4,0
1,7,1,4,0
1,7,1,4,0
0,9,2,4,0
0,7,2,4,0
0,10,3,4,0
0,7,3,4,0
0,5,2,4,0
1,5,3,4,1
0,7,2,5,0
0,9,2,4,0
0,7,2,5,0
0,5,2,4,0
1,7,2,4,1
0,10,3,4,0
0,9,3,5,0
0,7,3,4,0
0,7,2,4,0
1,9,3,3,1
1,5,2,3,1
0,9,2,5,0
1,7,1,5,0
1,2,2,4,1
1,2,1,4,0
0,5,3,4,0
1,2,1,5,0
0,9,3,4,0
0,9,2,5,0
0,7,2,5,0
1,7,3,3,1
1,2,1,4,0
0,9,2,4,0
0,10,2,5,0
0,5,2,5,0
1,7,1,4,0
0,7,3,5,0
1,3,1,5,0
0,5,3,5,0
0,9,2,4,0
1,2,1,4,0
0,9,2,4,0
0,9,3,5,0
0,7,3,5,0
1,2,1,4,0
0,7,3,4,0
0,9,2,4,0
1,7,1,4,0
0,9,2,5,0
1,3,1,5,0
0,10,3,5,0
1,3,1,5,0
1,2,1,5,0
1,2,1,5,0
0,9,3,5,0
1,7,1,4,0
0,9,3,4,0
1,2,3,4,1
0,10,2,4,0
1,7,3,3,1
0,5,3,5,0
0,9,3,5,0
0,7,2,5,0
0,5,2,5,0
1,7,1,5,0
1,2,1,5,0
1,2,2,3,1
0,9,2,4,0
0,10,2,5,0
0,9,2,4,0
0,10,2,5,0
1,7,1,4,0
1,9,2,4,1
0,10,2,5,0
0,5,3,4,0
0,5,2,4,0
0,10,3,4,0
0,7,2,5,0
0,5,2,5,0
0,5,2,4,0
1,9,2,4,1
1,5,3,4,1
0,9,2,5,0
0,10,3,5,0
1,7,1,5,0
0,5,2,4,0
1,7,2,3,1
0,5,3,5,0
0,5,2,5,0
0,7,3,4,0
0,10,3,4,0
0,10,3,5,0
0,7,2,4,0
0,9,3,5,0
0,7,2,5,0
0,9,3,4,0
0,9,2,5,0
0,7,2,5,0
0,7,2,4,0
0,7,3,4,0
1,2,1,4,0
0,9,3,5,0
0,7,2,4,0
1,7,1,5,0
0,10,2,5,0
0,9,2,5,0
0,7,3,5,0
0,5,3,5,0
0,5,2,4,0
1,2,3,3,1
1,5,3,3,1
0,5,2,4,0
0,9,2,5,0
0,5,3,5,0
1,3,1,5,0
0,7,3,4,0
0,5,2,5,0
0,9,2,5,0
1,2,3,3,1
0,5,2,4,0
0,9,2,4,0
1,2,1,5,0
0,10,2,5,0
1,7,1,4,0
1,2,2,3,1
0,10,2,4,0
1,2,1,4,0
1,2,3,3,1
1,7,1,4,0
0,10,3,4,0
1,7,1,4,0
1,9,3,3,1
0,5,3,5,0
0,7,2,4,0
0,5,3,5,0
1,7,1,4,0
1,2,2,4,1
0,7,3,4,0
0,10,2,5,0
0,10,2,5,0
0,5,2,4,0
1,2,1,4,0
0,9,3,4,0
1,9,2,4,1
1,5,2,3,1
0,10,3,5,0
0,7,3,5,0
0,9,2,4,0
0,9,2,4,0
1,2,1,4,0
1,7,1,5,0
0,7,2,5,0
1,2,1,4,0
1,9,2,3,1
0,7,3,5,0
1,7,1,4,0
0,9,2,5,0
0,5,3,4,0
0,9,2,5,0
0,10,2,4,0
0,10,3,4,0
1,7,1,4,0
0,9,3,5,0
1,3,1,5,0
0,9,3,5,0
0,7,2,4,0
0,10,3,5,0
1,2,1,5,0
0,9,2,4,0
0,9,2,5,0
1,3,1,4,0
1,9,3,3,1
0,10,2,4,0
1,2,1,4,0
0,10,3,5,0
0,5,3,4,0
0,5,2,4,0
0,9,3,4,0
0,10,2,4,0
0,7,3,4,0
1,2,2,4,1
0,9,3,5,0
0,10,3,5,0
0,5,3,5,0
0,5,3,5,0
0,10,2,5,0
0,5,3,4,0
0,9,3,5,0
1,7,1,5,0
1,7,2,4,1
0,9,2,4,0
0,10,2,4,0
0,5,3,4,0
1,3,1,5,0
1,9,3,3,1
1,7,1,5,0
0,5,2,5,0
1,3,1,4,0
0,7,3,5,0
0,7,3,5,0
0,10,2,4,0
1,3,1,4,0
0,7,2,5,0
0,5,2,4,0
1,7,2,3,1
1,2,1,5,0
0,5,2,5,0
1,2,1,5,0
1,2,1,5,0
0,9,3,4,0
1,2,1,5,0
0,9,3,5,0
0,9,2,5,0
0,7,3,4,0
0,9,2,5,0
1,5,3,3,1
0,10,2,4,0
0,5,3,4,0
0,5,3,4,0
0,9,2,4,0
1,2,3,4,1
1,7,1,5,0
0,7,2,5,0
0,9,2,5,0
1,7,3,4,1
0,9,3,5,0
1,3,1,5,0
1,3,1,5,0
0,10,3,5,0
0,7,3,4,0
1,9,3,4,1
1,2,1,4,0
1,7,3,3,1
0,10,2,4,0
0,10,2,4,0
0,5,3,5,0
1,7,1,5,0
0,10,2,5,0
1,7,2,4,1
1,2,1,4,0
0,7,3,5,0
0,10,3,5,0
1,7,1,4,0
1,3,1,4,0
1,7,2,4,1
0,9,2,4,0
1,7,1,4,0
0,10,3,5,0
0,9,3,4,0
0,7,3,5,0
0,7,3,5,0
0,7,2,5,0
0,7,2,5,0
0,10,3,5,0
1,5,2,3,1
0,5,3,4,0
0,9,2,4,0
1,5,3,3,1
0,10,2,5,0
0,5,2,4,0
1,3,1,4,0
0,5,3,4,0
1,3,1,5,0
0,10,3,5,0
0,9,3,5,0
0,10,3,4,0
1,2,1,4,0
0,5,3,4,0
1,7,2,3,1
0,5,3,5,0
0,7,2,5,0
0,9,3,5,0
0,5,3,4,0
0,7,3,5,0
0,9,3,4,0
1,3,1,5,0
0,9,2,5,0
0,10,3,4,0
0,10,3,5,0
0,7,3,4,0
0,7,2,5,0
0,5,2,5,0
0,7,3,4,0
0,10,2,4,0
1,9,3,3,1
1,7,1,4,0
0,5,3,4,0
0,9,3,4,0
1,2,2,3,1
1,2,3,4,1
1,2,1,5,0
0,7,2,4,0
0,9,2,4,0
1,7,2,3,1
0,5,3,5,0
0,5,2,5,0
1,2,1,4,0
0,10,2,4,0
0,7,2,5,0
1,2,2,4,1
0,5,3,5,0
1,2,1,4,0
0,5,2,5,0
1,7,1,5,0
0,9,2,4,0
0,5,2,5,0
0,5,3,4,0
0,9,2,4,0
1,9,2,4,1
0,10,3,5,0
0,5,2,4,0
1,3,1,5,0
0,10,3,4,0
1,2,3,3,1
1,3,1,4,0
0,9,2,4,0
0,9,3,4,0
0,5,2,4,0
0,9,3,5,0
1,7,2,4,1
1,7,1,4,0
1,9,3,4,1
0,5,3,4,0
0,10,3,4,0
1,3,1,5,0
1,3,1,5,0
0,7,3,5,0
1,2,3,3,1
1,9,2,3,1
0,10,2,4,0
0,7,3,5,0
0,10,2,5,0
0,10,2,4,0
1,2,3,4,1
1,7,1,5,0
0,10,2,4,0
0,9,3,4,0
0,9,2,4,0
0,9,3,5,0
0,5,3,5,0
0,10,2,4,0
1,2,1,4,0
0,7,2,5,0
1,7,3,3,1
0,10,3,5,0
0,9,2,5,0
0,9,3,4,0
0,9,2,4,0
0,7,2,4,0
0,5,3,4,0
1,5,3,4,1
1,2,1,5,0
1,5,2,4,1
0,10,3,5,0
0,10,3,4,0
1,5,3,3,1
0,10,2,5,0
1,2,2,4,1
0,5,3,5,0
1,5,2,3,1
0,5,3,4,0
1,2,1,5,0
1,5,2,3,1
0,5,3,5,0
1,2,1,5,0
1,7,2,4,1
0,9,2,5,0
1,7,3,3,1
0,7,3,4,0
0,10,2,5,0
0,5,3,5,0
0,9,2,4,0
0,9,3,5,0
1,5,3,3,1
0,10,2,4,0
0,9,3,4,0
0,10,3,5,0
0,5,3,5,0
0,5,2,4,0
1,2,1,5,0
1,7,3,3,1
0,10,2,5,0
0,10,3,5,0
1,2,2,4,1
0,5,2,5,0
0,5,2,5,0
0,9,2,4,0
1,7,1,4,0
1,7,2,4,1
0,5,3,5,0
0,7,3,5,0
0,9,2,5,0
0,7,3,4,0
0,5,2,4,0
1,2,1,4,0
0,10,2,5,0
0,7,3,4,0
1,2,3,4,1
0,9,3,4,0
1,3,1,5,0
0,9,2,5,0
1,3,1,4,0
0,9,2,4,0
1,5,3,3,1
0,10,3,4,0
1,7,3,4,1
1,9,3,3,1
0,5,3,4,0
1,9,3,4,1
1,2,1,5,0
0,9,3,4,0
0,7,2,5,0
0,9,2,5,0
1,7,1,5,0
1,5,3,4,1
1,2,1,4,0
1,9,3,3,1
0,7,2,5,0
0,7,2,5,0
1,2,2,3,1
0,10,2,5,0
0,10,2,4,0
0,9,2,5,0
0,7,2,5,0
0,5,2,5,0
1,5,2,3,1
0,7,3,5,0
1,3,1,5,0
0,7,3,4,0
0,5,3,4,0
1,7,3,4,1
1,5,3,4,1
0,9,3,5,0
0,7,2,4,0
0,9,2,5,0
1,3,1,4,0
0,9,2,4,0
0,5,2,5,0
0,9,3,5,0
1,7,2,3,1
0,7,3,4,0
1,3,1,4,0
0,9,2,4,0
0,9,2,4,0
0,5,2,5,0
1,9,3,4,1
1,7,3,3,1
0,10,2,4,0
0,7,2,4,0
0,9,2,5,0
1,3,1,4,0
0,10,2,5,0
1,7,1,5,0
0,10,3,5,0
1,3,1,4,0
0,9,3,4,0
0,9,2,5,0
0,10,3,4,0
1,3,1,5,0
0,9,2,5,0
0,7,3,4,0
0,5,3,4,0
1,9,2,3,1
0,7,2,5,0
0,5,2,5,0
0,9,3,5,0
0,5,2,4,0
0,9,2,4,0
1,7,1,4,0
0,5,2,4,0
1,2,1,5,0
0,5,2,4,0
0,7,3,5,0
1,3,1,4,0
0,10,3,5,0
1,7,1,4,0
0,10,2,5,0
1,2,3,4,1
0,9,2,4,0
0,9,2,5,0
0,5,2,4,0
0,5,2,4,0
0,10,3,4,0
1,5,2,3,1
1,3,1,4,0
0,10,3,4,0
0,10,3,5,0
1,9,3,4,1
0,7,3,5,0
0,7,2,4,0
0,7,2,5,0
0,10,2,5,0
0,5,3,5,0
1,7,3,4,1
0,5,2,5,0
1,7,1,4,0
0,7,2,4,0
0,7,2,4,0
1,5,2,3,1
0,7,3,5,0
0,10,3,4,0
1,2,1,5,0
0,10,3,5,0
0,9,3,4,0
0,5,2,4,0
1,5,3,3,1
1,3,1,4,0
0,7,2,4,0
0,7,2,4,0
1,7,3,4,1
0,9,3,5,0
0,5,2,5,0
0,9,2,4,0
0,5,3,4,0
0,10,3,5,0
0,9,3,5,0
1,7,2,4,1
0,7,2,4,0
1,7,1,5,0
1,7,3,4,1
0,10,2,4,0
1,7,1,4,0
1,5,2,3,1
0,7,2,5,0
0,9,2,4,0
0,10,3,4,0
0,10,3,5,0
1,7,1,4,0
0,9,3,5,0
1,7,1,4,0
0,9,3,4,0
0,10,3,5,0
1,7,1,5,0
0,7,2,4,0
1,2,1,5,0
0,9,3,4,0
0,9,3,4,0
0,7,2,4,0
0,5,3,4,0
0,5,2,5,0
0,5,3,4,0
0,10,3,4,0
0,7,3,4,0
1,2,1,4,0
0,9,2,5,0
1,5,2,4,1
0,10,3,4,0
0,10,2,4,0
0,7,2,5,0
0,7,2,5,0
0,7,3,4,0
0,7,3,4,0
1,2,2,3,1
0,5,3,5,0
0,5,2,4,0
0,10,2,5,0
1,2,1,5,0
0,10,3,4,0
0,5,2,5,0
1,2,1,5,0
0,5,2,5,0
1,3,1,4,0
0,10,2,5,0
0,10,2,5,0
0,7,2,5,0
0,9,2,4,0
1,7,1,4,0
1,2,2,4,1
1,7,1,4,0
1,7,1,4,0
1,7,1,5,0
0,9,2,4,0
1,2,1,4,0
0,7,2,4,0
0,10,3,4,0
0,5,2,5,0
1,7,1,5,0
0,5,2,5,0
1,9,3,3,1
0,10,3,5,0
0,5,2,5,0
0,5,2,4,0
0,7,3,5,0
1,3,1,5,0
1,3,1,4,0
0,5,2,4,0
0,9,3,4,0
1,7,1,4,0
0,10,3,5,0
1,2,3,3,1
0,5,3,4,0
0,5,2,5,0
1,2,1,5,0
0,10,2,5,0
1,9,2,3,1
1,3,1,4,0
0,5,3,4,0
1,2,1,4,0
0,7,2,4,0
0,9,3,5,0
0,10,3,5,0
0,10,3,5,0
0,9,3,5,0
0,7,2,5,0
0,9,2,5,0
0,5,2,5,0
1,7,1,5,0
0,9,2,5,0
0,9,3,4,0
1,2,1,5,0
1,7,1,4,0
1,7,1,5,0
0,9,3,5,0
0,7,2,4,0
1,7,1,5,0
1,7,1,4,0
1,7,1,4,0
0,10,3,4,0
1,5,3,3,1
0,5,3,4,0
1,3,1,5,0
0,9,3,4,0
0,9,2,5,0
1,3,1,5,0
0,7,2,5,0
1,2,3,4,1
0,7,2,4,0
0,7,3,4,0
0,7,3,5,0
1,2,1,4,0
0,9,3,4,0
0,7,3,5,0
1,2,2,3,1
0,9,2,4,0
0,9,2,5,0
0,10,3,5,0
0,9,3,4,0
1,3,1,4,0
0,7,3,5,0
0,5,2,4,0
0,9,2,5,0
1,5,2,3,1
0,5,2,5,0
0,7,2,4,0
0,5,2,5,0
1,9,2,3,1
1,3,1,4,0
0,10,3,4,0
1,2,1,4,0
1,5,3,3,1
0,10,2,5,0
0,7,3,4,0
0,5,3,4,0
0,10,3,4,0
1,7,3,4,1
0,9,3,4,0
1,2,1,4,0
0,10,3,5,0
0,7,3,4,0
1,9,2,4,1
0,5,3,5,0
1,2,3,4,1
0,5,3,5,0
1,7,1,5,0
0,10,2,5,0
1,7,3,3,1
1,7,1,4,0
0,9,3,5,0
0,10,2,5,0
1,9,3,3,1
1,7,1,4,0
0,5,3,5,0
1,7,1,4,0
0,10,2,4,0
0,9,2,4,0
1,3,1,5,0
0,5,2,5,0
0,7,2,4,0
0,10,3,5,0
0,10,2,4,0
1,2,1,4,0
0,9,3,4,0
0,10,2,5,0
0,7,3,4,0
0,7,3,5,0
0,10,2,4,0
1,7,1,4,0
1,2,3,4,1
1,2,1,4,0
0,9,3,4,0
0,7,2,5,0
0,9,3,5,0
0,10,3,5,0
0,10,3,4,0
0,5,2,5,0
0,5,2,4,0
1,3,1,5,0
0,10,3,5,0
0,7,3,5,0
1,7,1,4,0
1,7,2,3,1
1,7,2,4,1
0,9,3,5,0
1,3,1,4,0
1,5,3,4,1
0,10,3,4,0
0,9,3,5,0
0,7,2,4,0
1,7,1,4,0
0,9,3,4,0
0,10,3,4,0
0,9,3,4,0
1,7,1,4,0
1,5,3,4,1
0,9,2,4,0
1,2,3,3,1
1,9,3,4,1
1,3,1,5,0
0,5,3,4,0
0,5,2,4,0
1,7,1,5,0
0,9,2,5,0
0,10,3,4,0
0,9,3,4,0
0,5,3,5,0
0,9,2,4,0
0,9,2,5,0
0,10,2,4,0
0,10,3,4,0
0,5,3,5,0
0,10,3,5,0
0,10,2,5,0
0,7,3,5,0
0,7,3,5,0
0,7,3,4,0
0,5,2,5,0
0,7,2,5,0
1,3,1,5,0
0,7,3,5,0
0,5,2,5,0
0,10,3,4,0
0,10,2,5,0
0,10,3,5,0
1,3,1,4,0
0,10,3,4,0
1,2,1,4,0
0,9,3,5,0
0,5,3,4,0
0,9,2,5,0
1,3,1,4,0
0,5,3,4,0
0,7,3,5,0
1,3,1,4,0
0,10,2,4,0
1,9,2,3,1
0,10,3,5,0
1,2,2,3,1
0,5,2,4,0
1,5,3,4,1
0,7,3,5,0
0,9,3,4,0
0,7,2,5,0
0,10,3,5,0
1,7,2,3,1
0,5,2,5,0
0,5,2,4,0
1,5,2,4,1
0,9,2,5,0
1,9,3,4,1
0,10,2,5,0
1,2,1,5,0
0,7,3,5,0
1,3,1,5,0
0,5,2,4,0
0,9,3,4,0
0,9,2,4,0
1,2,2,3,1
1,3,1,5,0
0,7,3,4,0
0,10,2,4,0
0,5,2,4,0
0,7,3,5,0
0,9,2,4,0
0,5,3,5,0
1,2,1,5,0
0,9,3,5,0
0,9,2,5,0
0,5,2,5,0
1,5,2,4,1
0,7,2,5,0
0,7,3,5,0
1,7,1,5,0
0,5,3,5,0
1,5,2,4,1
0,5,2,4,0
1,5,2,3,1
1,2,1,4,0
1,3,1,5,0
0,9,3,4,0
0,7,3,4,0
0,7,3,5,0
0,7,2,5,0
1,3,1,4,0
0,9,3,5,0
0,5,2,5,0
1,2,1,4,0
0,9,2,5,0
1,7,3,3,1
0,9,2,5,0
0,10,3,5,0
0,5,3,5,0
0,10,2,5,0
0,5,3,5,0
0,9,2,5,0
1,7,2,3,1
0,9,3,4,0
1,7,1,5,0
0,5,2,4,0
0,10,3,4,0
0,5,3,4,0
1,9,3,4,1
1,5,3,4,1
0,5,3,4,0
0,10,2,4,0
0,10,2,4,0
0,9,3,5,0
1,7,1,4,0
1,5,2,4,1
0,10,2,5,0
0,10,2,4,0
1,9,2,4,1
1,7,2,3,1
0,7,2,4,0
1,3,1,4,0
1,7,3,4,1
1,3,1,4,0
1,5,3,4,1
0,10,2,4,0
1,9,2,3,1
0,5,3,4,0
1,5,2,4,1
1,7,2,3,1
0,7,2,5,0
1,5,2,3,1
1,5,2,4,1
0,9,3,5,0
0,9,3,5,0
1,2,3,3,1
0,7,2,4,0
1,5,3,3,1
0,10,2,4,0
1,3,1,4,0
1,2,1,5,0
0,5,2,4,0
1,2,1,4,0
0,7,3,4,0
1,2,1,5,0
1,7,1,5,0
0,5,2,4,0
0,10,2,4,0
1,7,3,4,1
0,5,3,5,0
1,7,1,5,0
1,3,1,4,0
1,7,1,5,0
1,7,1,4,0
1,2,3,4,1
1,3,1,5,0
1,2,1,4,0
1,3,1,4,0
1,3,1,4,0
1,2,1,5,0
0,5,2,5,0
1,2,1,5,0
1,7,1,5,0
1,2,1,5,0
0,10,2,5,0
0,5,3,4,0
0,5,3,4,0
1,3,1,4,0
1,2,1,4,0
1,3,1,4,0
0,10,2,5,0
1,7,1,4,0
0,5,2,4,0
0,7,2,4,0
0,10,3,4,0
1,7,1,5,0
1,7,1,5,0
1,3,1,5,0
0,7,3,4,0
1,3,1,5,0
1,3,1,5,0
1,2,1,4,0
1,2,1,4,0
1,7,1,5,0
1,3,1,4,0
1,2,3,3,1
1,7,1,4,0
0,9,2,4,0
0,5,2,5,0
1,5,3,4,1
1,3,1,4,0
1,7,1,4,0
0,7,2,5,0
0,7,3,5,0
1,7,1,4,0
0,9,3,4,0
1,2,1,4,0
1,2,1,5,0
0,7,3,4,0
1,3,1,4,0
1,2,1,5,0
1,7,1,4,0
1,2,1,5,0
1,5,3,3,1
1,2,2,3,1
1,2,1,4,0
1,3,1,5,0
1,3,1,4,0
0,9,3,4,0
1,10,1,4,0
1,2,1,5,0
0,10,2,4,0
1,2,1,5,0
1,3,1,5,0
1,2,1,4,0
1,3,1,5,0
1,3,1,5,0
1,3,1,5,0
1,7,1,5,0
1,2,2,4,1
1,2,1,4,0
1,7,1,5,0
0,9,3,4,0
0,10,2,4,0
1,2,1,5,0
1,9,3,3,1
1,7,1,4,0
1,3,1,4,0
1,9,2,4,1
0,10,3,4,0
1,7,1,4,0
1,7,2,4,1
1,7,1,4,0
1,7,1,4,0
0,1,7,1,0
1,2,1,5,0
1,7,1,5,0
1,3,1,5,0
1,3,1,5,0
0,9,3,5,0
1,3,1,4,0
1,3,1,4,0
1,7,1,5,0
1,9,3,3,1
1,9,3,4,1
1,7,1,4,0
1,3,1,3,0
1,3,1,4,0
0,5,2,5,0
1,7,1,4,0
0,7,2,4,0
1,7,1,5,0
0,5,2,4,0
0,10,2,5,0
1,2,1,5,0
1,3,1,5,0
0,10,3,4,0
1,7,1,4,0
0,10,2,5,0
0,10,2,5,0
0,10,3,4,0
1,2,1,5,0
0,9,2,4,0
1,7,1,4,0
1,7,1,4,0
1,7,1,4,0
1,2,1,4,0
1,7,1,4,0
0,9,3,4,0
0,9,3,4,0
1,2,1,4,0
1,3,1,5,0
1,7,1,5,0
1,0,7,4,1
1,3,1,5,0
1,2,1,4,0
1,9,3,4,1
1,7,1,4,0
1,7,1,3,0
1,7,1,4,0
1,7,1,5,0
1,9,2,3,1
1,3,1,4,0
0,10,2,4,0
1,3,1,5,0
1,7,1,4,0
1,7,1,4,0
1,7,1,4,0
1,3,1,5,0
0,9,2,4,0
1,7,1,5,0
0,9,3,5,0
1,3,1,4,0
1,7,1,5,0
1,2,1,4,0
1,9,2,4,1
1,3,1,5,0
0,7,2,4,0
1,9,2,3,1
1,7,1,4,0
1,7,1,5,0
1,9,3,4,1
1,7,1,5,0
1,3,1,4,0
0,7,2,4,0
1,2,1,4,0
1,2,1,4,0
1,2,3,3,1
1,9,2,4,1
0,5,3,4,0
1,3,1,4,0
0,5,3,5,0
0,7,2,5,0
1,7,1,5,0
1,7,1,5,0
1,2,1,4,0
1,2,1,5,0
1,2,1,5,0
0,10,3,5,0
1,7,1,4,0
1,3,1,4,0
1,7,1,4,0
1,7,1,5,0
0,9,3,4,0
0,7,3,4,0
1,3,1,5,0
0,3,1,5,1
0,9,3,5,0
1,7,1,4,0
1,2,1,4,0
1,2,1,5,0
1,7,1,5,0
1,2,1,4,0
1,2,1,5,0
1,3,1,4,0
1,7,1,4,0
1,3,1,5,0
0,9,3,4,0
1,3,1,5,0
0,7,3,4,0
1,7,1,4,0
1,3,1,4,0
0,5,3,5,0
0,10,2,5,0
1,7,1,4,0
0,10,2,4,0
0,7,3,5,0
1,3,1,4,0
1,9,2,4,1
1,7,1,5,0
1,0,7,4,1
1,7,1,4,0
1,7,1,5,0
0,9,3,5,0
1,0,7,4,1
0,5,3,4,0
1,2,5,4,0
0,10,2,5,0
1,7,1,4,0
0,10,2,5,0
1,7,1,5,0
1,2,1,5,0
1,2,1,4,0
0,9,3,4,0
1,7,1,5,0
1,2,1,4,0
1,2,1,4,0
1,2,1,5,0
1,7,1,4,0
1,3,1,4,0
1,7,1,4,0
0,9,2,4,0
1,2,1,4,0
1,3,1,4,0
0,9,2,4,0
1,2,1,4,0
1,3,1,4,0
0,7,2,5,0
1,7,1,5,0
0,7,2,5,0
1,2,1,4,0
1,3,1,4,0
1,7,1,4,0
1,2,2,3,1
0,10,2,4,0
1,2,1,5,0
1,3,1,5,0
1,3,1,4,0
0,10,2,4,0
1,7,1,5,0
1,2,1,5,0
0,10,3,4,0
0,10,2,4,0
1,7,1,4,0
1,2,1,5,0
1,2,1,4,0
1,2,1,4,0
1,3,1,4,0
1,7,1,4,0
1,7,1,4,0
0,10,3,5,0
1,3,1,4,0
1,7,1,4,0
1,7,1,5,0
0,7,3,4,0
0,7,3,4,0
0,5,3,5,0
1,3,1,4,0
1,3,1,5,0
0,9,2,5,0
1,2,1,5,0
0,9,3,4,0
1,7,1,4,0
1,7,1,4,0
1,7,1,4,0
0,10,7,4,1
1,3,1,4,0
1,7,1,5,0
1,3,1,4,0
1,7,1,5,0
1,10,1,3,0
1,3,1,4,0
1,7,1,4,0
1,2,1,5,0
1,3,1,4,0
1,2,1,5,0
0,10,2,5,0
1,7,1,5,0
1,3,1,5,0
0,9,2,5,0
1,3,1,4,0
1,3,1,5,0
1,2,1,5,0
0,10,2,5,0
1,2,1,4,0
1,2,1,5,0
0,7,3,5,0
0,9,3,4,0
1,3,1,4,0
1,3,1,4,0
1,3,1,4,0
1,2,1,4,0
1,3,1,5,0
1,7,1,5,0
1,10,1,3,0
0,9,3,5,0
1,0,7,4,1
0,5,3,4,0
1,5,2,4,1
1,5,3,4,1
1,0,7,4,1
1,2,1,5,0
1,2,1,4,0
1,10,1,3,0
1,3,1,5,0
1,7,1,5,0
1,2,1,5,0
1,3,1,5,0
1,3,1,5,0
1,2,1,5,0
1,3,1,5,0
1,7,1,5,0
1,7,1,4,0
1,3,1,4,0
1,2,1,5,0
1,7,1,4,0
1,3,1,4,0
1,3,1,5,0
1,7,1,5,0
1,7,1,5,0
1,7,1,5,0
1,2,1,4,0
1,3,1,4,0
1,7,1,5,0
0,7,3,4,0
1,3,1,4,0
1,3,1,5,0
1,3,1,4,0
1,2,1,4,0
1,2,1,4,0
1,3,1,5,0
1,7,1,5,0
1,7,1,3,0
1,3,1,4,0
1,7,1,4,0
1,3,1,5,0
1,7,1,5,0
1,3,1,4,0
1,2,1,4,0
1,7,1,5,0
1,3,1,5,0
1,2,1,4,0
1,7,1,5,0
1,7,1,4,0
1,2,1,4,0
1,3,1,3,0
1,7,1,5,0
1,7,1,3,0
1,3,1,4,0
1,7,1,4,0
1,2,1,5,0
1,7,1,5,0
1,2,1,4,0
0,9,3,5,0
1,3,1,5,0
1,3,1,5,0
1,3,1,4,0
1,3,1,4,0
1,2,1,5,0
1,3,1,4,0
1,2,1,5,0
1,2,1,5,0
1,7,2,3,1
1,2,1,5,0
1,2,1,5,0
1,3,1,5,0
1,2,1,4,0
1,2,1,4,0
1,3,1,4,0
1,3,1,5,0
1,2,1,4,0
1,3,1,5,0
1,2,1,4,0
1,2,1,5,0
1,7,1,4,0
1,3,1,5,0
0,10,7,4,1
1,7,1,5,0
1,3,1,5,0
1,7,1,5,0
1,3,1,4,0
1,3,1,5,0
1,7,1,4,0
0,1,7,1,0
1,7,1,4,0
1,2,1,5,0
1,7,1,5,0
1,2,1,5,0
1,2,1,4,0
1,3,1,5,0
1,3,1,4,0
0,1,7,1,0
1,7,1,4,0
1,7,1,4,0
1,3,1,5,0
1,7,1,4,0
1,3,1,5,0
1,7,1,5,0
1,2,1,5,0
1,2,1,5,0
1,3,1,5,0
1,2,1,4,0
1,2,1,4,0
1,2,1,5,0
1,3,1,5,0
0,10,3,5,0
1,3,1,5,0
1,2,1,4,0
1,2,1,4,0
1,7,1,4,0
1,7,1,5,0
1,2,1,5,0
1,7,1,5,0
1,2,1,4,0
1,7,1,5,0
1,7,1,4,0
1,3,1,4,0
1,3,1,4,0
1,2,1,5,0
1,3,1,5,0
1,3,1,4,0
1,7,1,5,0
1,2,1,5,0
1,7,1,5,0
1,3,1,5,0
1,7,1,4,0
0,7,1,4,1
1,7,1,5,0
1,2,1,5,0
1,0,7,4,1
1,3,1,4,0
1,10,7,4,1
1,7,1,5,0
1,3,1,4,0
1,3,1,5,0
1,2,1,5,0
1,7,1,4,0
1,2,1,4,0
1,2,1,4,0
1,7,1,5,0
1,2,1,5,0
0,10,2,5,0
1,3,1,5,0
1,3,1,4,0
1,2,1,4,0
1,7,1,4,0
1,3,1,5,0
1,3,1,4,0
1,2,1,5,0
1,10,1,3,0
1,7,1,4,0
1,2,1,4,0
1,2,1,4,0
1,2,1,5,0
1,7,1,4,0
1,3,1,5,0
1,7,1,4,0
0,1,7,1,0
1,2,1,4,0
1,7,1,5,0
1,2,1,5,0
1,2,1,5,0
1,2,1,4,0
1,3,1,5,0
1,10,7,1,1
1,3,1,4,0
1,7,1,5,0
1,2,1,5,0
1,2,1,4,0
1,7,1,4,0
1,2,1,5,0
1,3,1,4,0
1,7,1,4,0
1,7,1,5,0
1,10,1,3,0
0,5,3,4,0
1,0,7,4,1
1,7,1,5,0
1,2,1,5,0
0,5,2,4,0
0,1,7,1,0
1,3,1,5,0
1,2,1,5,0
1,3,1,4,0
1,7,1,5,0
1,2,1,5,0
1,7,1,5,0
1,7,1,5,0
1,7,1,4,0
1,3,1,4,0
1,2,1,5,0
1,3,1,5,0
1,3,1,5,0
1,2,1,5,0
1,3,1,4,0
1,7,1,5,0
0,3,1,5,1
1,2,1,4,0
1,2,1,4,0
1,3,1,5,0
1,3,1,4,0
1,3,1,4,0
1,3,1,4,0
1,7,1,5,0
1,3,1,4,0
1,3,1,5,0
1,3,1,4,0
1,2,1,4,0
1,2,1,5,0
1,2,1,5,0
0,9,3,5,0
1,3,1,4,0
1,2,1,4,0
1,3,1,4,0
1,7,1,5,0
1,7,1,5,0
1,3,1,4,0
0,9,2,4,0
1,3,1,5,0
0,1,7,1,0
1,7,1,5,0
1,7,1,5,0
1,3,1,5,0
1,2,1,4,0
0,5,2,5,0
1,7,1,4,0
1,7,1,4,0
1,3,1,4,0
1,7,1,4,0
1,0,7,4,1
1,7,1,4,0
1,3,1,4,0
1,2,1,4,0
1,2,1,4,0
1,7,1,4,0
1,3,1,4,0
1,3,1,4,0
1,2,1,4,0
1,7,2,4,1
1,2,1,5,0
1,3,1,3,0
1,7,1,4,0
1,7,1,5,0
1,3,1,5,0
0,9,2,5,0
1,2,1,5,0
1,3,1,4,0
1,3,1,5,0
1,3,1,5,0
1,7,1,5,0
1,7,1,5,0
0,5,3,4,0
1,2,1,5,0
1,2,1,4,0
1,7,1,4,0
1,7,1,5,0
1,2,1,5,0
1,3,1,5,0
1,3,1,5,0
0,1,7,1,0
1,7,1,5,0
1,0,7,4,1
1,7,1,5,0
1,2,1,5,0
1,3,1,4,0
1,2,1,4,0
1,3,1,5,0
1,3,1,5,0
1,2,1,5,0
1,7,1,4,0
1,2,1,4,0
1,2,1,5,0
1,7,1,5,0
1,2,1,4,0
1,3,1,4,0
1,3,1,5,0
1,7,1,4,0
1,7,1,5,0
1,3,1,5,0
1,3,1,4,0
0,7,2,5,0
1,3,1,4,0
1,2,1,4,0
1,3,1,4,0
1,2,1,4,0
1,2,1,5,0
1,2,1,4,0
1,7,1,4,0
1,7,1,4,0
1,3,1,5,0
1,2,1,5,0
0,10,7,4,1
1,3,1,4,0
1,7,1,5,0
1,10,7,4,1
1,3,1,5,0
1,7,1,4,0
0,1,7,1,0
1,0,7,4,1
1,9,2,4,1
1,2,1,5,0
1,3,1,4,0
1,2,1,5,0
1,7,1,4,0
1,7,1,4,0
1,7,1,5,0
1,2,1,5,0
1,3,1,5,0
1,2,1,5,0
1,7,1,4,0
1,7,1,4,0
1,7,1,5,0
1,3,1,5,0
1,3,1,5,0
1,3,1,4,0
1,3,1,4,0
1,3,1,4,0
1,7,1,4,0
1,2,1,4,0
0,10,7,1,0
1,2,1,4,0
1,2,1,4,0
1,0,7,4,1
1,2,1,5,0
1,3,1,4,0
1,7,1,5,0
1,2,1,5,0
1,2,1,4,0
1,3,1,4,0
1,3,1,5,0
1,2,1,4,0
1,3,1,5,0
1,7,1,5,0
0,3,1,4,1
0,1,7,1,0
1,3,1,5,0
1,2,1,5,0
1,2,1,4,0
1,7,1,5,0
1,3,1,4,0
1,3,1,5,0
1,7,1,4,0
1,2,1,5,0
1,3,1,4,0
1,7,1,4,0
1,3,1,4,0
1,3,1,5,0
1,3,1,4,0
1,10,1,4,0
1,2,5,4,0
1,7,1,5,0
1,7,1,4,0
1,2,1,4,0
1,3,1,4,0
1,2,1,4,0
1,2,1,5,0
0,9,3,4,0
0,9,1,4,1
1,3,1,5,0
1,7,1,4,0
1,7,1,4,0
1,7,1,4,0
1,3,1,5,0
1,7,1,4,0
1,2,1,5,0
1,3,1,4,0
1,2,1,5,0
1,7,1,5,0
1,2,1,4,0
1,2,1,5,0
0,10,3,4,0
1,3,1,5,0
1,2,1,4,0
1,2,1,5,0
1,2,1,4,0
1,7,1,5,0
1,7,1,5,0
1,7,1,4,0
1,3,1,5,0
1,3,1,4,0
1,3,1,5,0
1,7,1,4,0
1,7,1,5,0
1,2,3,4,1
1,7,1,5,0
1,3,1,4,0
1,7,1,4,0
1,7,1,4,0
1,3,1,4,0
1,2,1,4,0
1,2,1,5,0
1,2,1,4,0
1,7,1,4,0
1,3,1,5,0
1,3,1,4,0
1,2,1,4,0
1,7,1,5,0
1,2,1,5,0
1,7,1,4,0
1,3,1,5,0
1,7,1,5,0
1,2,1,4,0
1,7,1,4,0
1,3,1,5,0
1,2,1,4,0
1,2,1,5,0
1,7,1,4,0
1,3,1,5,0
1,3,1,4,0
1,2,1,4,0
1,0,7,4,1
0,10,7,1,0
1,3,1,4,0
1,3,1,5,0
1,7,1,5,0
1,7,1,5,0
1,7,1,4,0
1,7,1,5,0
1,7,1,4,0
1,7,1,4,0
1,7,1,5,0
1,2,1,5,0
1,3,1,4,0
1,3,1,5,0
1,2,1,5,0
1,2,1,4,0
1,3,1,4,0
1,2,1,4,0
1,9,2,3,1
1,10,1,4,0
0,10,2,4,0
1,2,1,4,0
1,7,1,5,0
1,2,1,4,0
0,9,2,4,0
1,7,1,5,0
1,7,1,4,0
1,7,1,5,0
1,3,1,4,0
1,3,1,5,0
1,3,1,4,0
1,10,1,3,0
1,7,1,4,0
1,2,1,4,0
1,2,1,5,0
1,7,1,4,0
1,7,1,4,0
0,3,1,4,1
1,3,1,5,0
1,7,1,4,0
1,3,1,5,0
1,2,1,5,0
0,5,3,5,0
1,3,1,4,0
1,3,1,5,0
1,3,1,5,0
1,7,1,5,0
1,3,1,4,0
1,2,1,4,0
1,2,1,4,0
1,2,1,4,0
1,3,1,3,0
0,10,7,1,0
0,10,1,5,1
1,7,1,4,0
1,7,1,5,0
1,7,1,5,0
1,3,1,5,0
1,2,1,5,0
1,3,1,5,0
1,7,1,5,0
1,3,1,5,0
1,2,1,5,0
0,10,7,1,0
1,3,1,5,0
1,2,1,5,0
1,2,1,5,0
1,2,1,4,0
1,7,1,5,0
1,2,1,5,0
1,2,1,5,0
1,7,1,5,0
1,2,1,5,0
1,2,1,5,0
1,7,1,5,0
1,3,1,5,0
1,7,1,4,0
1,3,1,4,0
1,7,1,5,0
1,3,1,4,0
1,3,1,5,0
1,7,1,4,0
1,2,1,5,0
1,7,1,5,0
1,3,1,4,0
1,3,1,4,0
0,5,3,5,0
1,3,1,5,0
1,3,1,5,0
1,3,1,3,0
1,3,1,4,0
1,7,1,4,0
1,2,2,3,1
1,2,1,5,0
1,3,1,3,0
1,3,1,5,0
1,3,1,5,0
1,2,1,5,0
1,10,5,4,0
1,7,1,4,0
1,2,1,4,0
1,3,1,5,0
1,7,1,4,0
1,2,1,5,0
1,2,1,4,0
1,3,1,5,0
1,3,1,4,0
0,9,1,4,1
1,2,1,5,0
0,10,3,4,0
1,2,1,5,0
1,2,1,4,0
1,0,7,4,1
1,2,1,5,0
1,7,1,5,0
1,7,1,5,0
1,2,1,4,0
1,3,1,5,0
1,3,1,5,0
1,3,1,5,0
1,2,1,4,0
1,3,1,5,0
0,5,3,5,0
1,2,1,4,0
0,10,2,5,0
1,3,1,5,0
1,3,1,5,0
1,3,1,5,0
1,7,1,5,0
1,3,1,4,0
1,7,1,4,0
1,7,1,5,0
1,2,1,5,0
1,2,1,4,0
1,3,1,5,0
1,2,1,4,0
1,2,1,5,0
1,2,1,5,0
1,2,1,4,0
1,7,2,3,1
1,2,1,4,0
1,3,1,4,0
1,7,1,5,0
1,3,1,4,0
1,3,1,4,0
1,2,1,5,0
1,2,1,4,0
1,2,1,4,0
1,7,1,4,0
1,7,1,5,0
1,3,1,5,0
1,2,1,4,0
1,7,1,5,0
1,2,1,4,0
1,2,1,5,0
1,2,1,4,0
1,7,1,5,0
1,2,1,5,0
1,7,1,4,0
1,3,1,4,0
1,3,1,4,0
1,2,1,5,0
1,7,1,4,0
1,3,1,4,0
1,3,1,4,0
1,7,1,5,0
1,7,1,4,0
0,1,7,1,0
1,7,1,4,0
1,2,2,4,1
1,3,1,5,0
1,2,1,5,0
1,7,1,5,0
0,7,3,5,0
1,2,1,4,0
1,7,1,5,0
1,3,1,4,0
1,7,1,5,0
0,5,3,4,0
1,3,1,5,0
1,3,1,4,0
1,3,1,4,0
1,3,1,5,0
1,3,1,5,0
1,3,1,4,0
1,3,1,4,0
1,7,1,5,0
1,2,1,5,0
1,2,1,5,0
0,9,3,5,0
1,3,1,3,0
1,0,7,4,1
1,7,1,4,0
1,2,1,5,0
1,2,1,4,0
1,7,1,4,0
0,1,7,1,0
1,7,1,4,0
1,3,1,4,0
1,2,1,5,0
1,7,1,5,0
1,7,1,5,0
0,1,7,1,0
1,7,1,4,0
1,10,7,4,1
1,2,1,4,0
1,3,1,4,0
1,0,7,4,1
1,3,1,4,0
1,2,1,5,0
1,10,1,4,0
1,2,1,4,0
1,3,1,5,0
1,3,1,5,0
0,10,7,1,0
1,2,1,4,0
1,10,7,4,1
1,7,1,4,0
1,7,1,3,0
1,3,1,4,0
1,7,1,4,0
0,1,7,1,0
1,7,1,4,0
1,2,1,4,0
0,10,7,4,1
1,7,3,4,1
1,2,1,5,0
1,2,1,4,0
1,2,1,5,0
1,7,1,4,0
1,2,5,4,0
1,3,1,4,0
0,5,3,5,0
1,2,5,4,0
0,10,7,1,0
1,7,1,4,0
0,10,7,1,0
1,3,1,5,0
1,3,1,4,0
1,3,1,4,0
1,3,1,4,0
1,7,1,4,0
1,2,1,5,0
1,3,1,4,0
1,3,1,5,0
1,2,1,5,0
1,2,1,5,0
1,7,1,4,0
0,10,7,1,0
0,1,7,1,0
0,10,7,1,0
1,2,1,4,0
0,9,3,4,0
1,7,1,5,0
1,3,1,5,0
1,7,1,4,0
1,7,1,4,0
1,3,1,5,0
1,7,1,4,0
1,0,7,4,1
1,3,1,4,0
0,1,7,1,0
0,7,2,4,0
1,2,1,5,0
1,3,1,4,0
1,7,1,5,0
0,5,3,4,0
1,3,1,4,0
1,7,1,5,0
1,7,1,4,0
1,2,1,5,0
1,3,1,4,0
1,10,5,4,0
1,7,1,5,0
1,0,7,4,1
1,2,1,5,0
1,2,1,4,0
1,2,1,5,0
0,1,7,1,0
1,3,1,3,0
1,3,1,5,0
1,3,1,4,0
1,7,1,4,0
1,10,1,3,0
1,2,2,4,1
1,2,1,5,0
1,7,1,5,0
1,3,1,5,0
0,7,1,5,1
0,3,1,4,1
1,3,1,4,0
1,3,1,5,0
1,7,1,5,0
1,0,7,4,1
1,0,7,4,1
1,3,1,5,0
1,2,1,4,0
1,3,1,5,0
1,2,1,5,0
1,2,1,4,0
1,3,1,5,0
0,10,7,1,0
1,3,1,5,0
1,3,1,5,0
1,7,1,3,0
1,7,1,4,0
1,3,1,5,0
1,7,1,5,0
1,3,1,4,0
1,7,1,5,0
1,3,1,4,0
1,5,2,4,1
1,7,1,5,0
0,9,3,5,0
1,2,1,5,0
1,7,1,5,0
0,1,7,1,0
1,3,1,4,0
1,2,1,4,0
1,2,1,5,0
0,10,7,4,1
0,1,7,1,0
1,2,1,4,0
1,2,1,4,0
1,3,1,4,0
1,2,1,5,0
1,7,1,4,0
1,7,1,4,0
1,0,7,4,1
0,10,7,1,0
1,2,1,5,0
1,2,1,4,0
1,3,1,5,0
1,2,1,4,0
1,3,1,4,0
0,10,7,1,0
1,10,7,4,1
1,2,1,5,0
1,3,1,5,0
1,3,1,4,0
1,10,1,4,0
0,10,7,1,0
1,10,1,3,0
1,2,1,5,0
1,2,1,4,0
1,3,1,4,0
1,2,1,5,0
1,7,1,4,0
1,3,1,4,0
1,2,1,5,0
1,3,1,5,0
1,7,1,5,0
1,3,1,5,0
1,7,1,3,0
0,10,7,1,0
0,10,7,1,0
0,1,7,1,0
1,2,5,4,0
1,7,1,4,0
1,3,1,4,0
1,2,1,4,0
1,7,1,5,0
1,7,1,5,0
1,7,1,4,0
1,3,1,5,0
1,3,1,4,0
1,7,1,4,0
1,7,1,5,0
1,7,1,4,0
1,3,1,5,0
1,2,1,4,0
1,2,1,5,0
1,2,1,4,0
1,2,1,5,0
0,10,1,5,1
1,2,1,4,0
1,0,7,4,1
1,7,1,4,0
1,7,1,5,0
1,3,1,4,0
1,2,1,4,0
1,7,1,5,0
1,3,1,4,0
0,1,7,1,0
1,3,1,5,0
1,3,1,4,0
0,10,7,1,0
1,2,1,5,0
1,2,1,4,0
1,0,7,4,1
1,2,1,4,0
1,10,7,4,1
1,10,5,4,0
1,7,1,4,0
1,3,1,5,0
0,9,1,5,1
1,2,1,4,0
1,2,1,5,0
1,3,1,5,0
1,3,1,5,0
0,10,7,1,0
1,2,1,4,0
1,2,1,4,0
1,7,1,4,0
1,2,1,4,0
0,10,7,1,0
1,7,1,5,0
1,7,1,4,0
1,3,1,4,0
1,7,1,4,0
1,3,1,4,0
1,7,3,4,1
1,2,1,5,0
0,7,1,4,1
1,2,1,5,0
1,2,1,5,0
1,2,1,4,0
1,3,1,4,0
1,7,1,3,0
1,2,1,5,0
1,3,1,5,0
1,2,1,5,0
1,7,1,4,0
1,2,1,4,0
1,3,1,5,0
1,7,1,5,0
1,2,1,5,0
1,3,1,4,0
1,7,1,5,0
1,3,1,5,0
1,2,1,4,0
1,0,7,4,1
1,3,1,5,0
1,2,1,4,0
1,10,1,4,0
1,3,1,4,0
1,3,1,5,0
1,3,1,5,0
1,7,1,4,0
1,2,1,5,0
1,7,1,4,0
1,0,7,4,1
0,1,7,1,0
0,10,7,1,0
1,7,1,5,0
1,2,1,5,0
1,3,1,5,0
1,2,1,5,0
1,10,1,3,0
1,3,1,4,0
1,7,1,3,0
1,7,1,4,0
1,7,1,5,0
1,7,1,3,0
1,7,1,3,0
1,3,1,3,0
1,7,1,5,0
1,2,1,5,0
1,3,1,4,0
1,3,1,4,0
0,9,1,5,1
0,1,7,1,0
1,7,1,4,0
1,3,1,4,0
1,0,7,4,1
1,3,1,4,0
1,3,1,5,0
1,3,1,4,0
1,3,1,5,0
0,5,3,5,0
1,7,1,5,0
1,2,1,4,0
1,2,1,4,0
1,3,1,5,0
1,2,1,5,0
1,10,7,4,1
1,3,1,5,0
0,10,7,4,1
1,3,1,4,0
1,3,1,5,0
1,2,1,4,0
1,7,1,4,0
1,3,1,4,0
1,3,1,4,0
1,7,1,5,0
1,7,1,4,0
1,2,1,5,0
1,10,5,4,0
0,1,7,1,0
1,2,1,4,0
1,7,1,4,0
0,1,7,1,0
1,7,1,5,0
1,7,1,3,0
1,0,7,4,1
1,0,7,4,1
1,0,7,4,1
1,10,7,1,1
1,7,1,4,0
0,10,7,4,1
1,7,1,5,0
1,2,1,4,0
1,7,1,5,0
0,10,7,1,0
1,10,1,4,0
1,3,1,3,0
1,0,7,4,1
0,10,7,4,1
1,10,1,3,0
1,3,1,4,0
1,10,1,4,0
1,7,1,4,0
0,10,7,4,1
1,2,1,4,0
1,3,1,4,0
1,10,1,3,0
1,10,7,1,1
1,7,1,3,0
1,10,7,1,1
1,7,1,4,0
1,3,1,3,0
1,10,7,4,1
1,0,7,4,1
1,0,7,4,1
0,10,7,1,0
0,10,7,1,0
1,10,1,4,0
1,10,5,4,0
1,7,1,5,0
1,7,1,5,0
1,8,5,4,0
1,0,7,4,1
1,0,7,4,1
1,7,1,5,0
0,1,7,1,0
1,0,7,4,1
1,2,1,5,0
1,0,7,4,1
0,10,7,4,1
1,0,7,4,1
0,1,7,1,0
0,10,7,1,0
1,2,1,5,0
1,8,5,4,0
1,10,7,4,1
1,0,7,4,1
1,10,1,3,0
1,3,1,4,0
1,3,1,5,0
1,10,1,4,0
1,0,7,4,1
1,7,1,4,0
1,10,7,4,1
0,10,7,1,0
1,10,1,3,0
1,7,1,3,0
0,10,7,1,0
1,7,1,5,0
1,10,7,4,1
0,1,7,1,0
1,7,1,5,0
1,3,1,4,0
1,3,1,3,0
1,3,1,4,0
1,3,1,4,0
0,10,7,1,0
0,1,7,1,0
1,8,5,4,0
0,10,7,4,1
0,10,7,1,0
1,3,1,4,0
1,10,1,4,0
1,2,1,5,0
1,10,1,4,0
1,7,1,3,0
0,10,7,4,1
1,0,7,4,1
1,3,1,5,0
0,3,1,4,1
1,7,1,4,0
1,10,5,4,0
1,3,1,4,0
1,0,7,4,1
0,10,7,1,0
1,0,7,4,1
1,2,1,4,0
1,3,1,3,0
0,1,7,1,0
1,3,1,4,0
1,2,1,4,0
1,2,1,5,0
1,7,1,3,0
1,0,7,4,1
1,7,1,4,0
1,3,1,4,0
1,10,7,4,1
0,10,7,1,0
1,3,1,4,0
1,0,7,4,1
1,3,1,3,0
0,1,7,1,0
1,2,1,4,0
1,0,7,4,1
1,7,1,4,0
1,3,1,4,0
1,10,5,4,0
0,10,7,1,0
1,10,1,4,0
1,0,7,4,1
0,10,7,1,0
1,2,1,5,0
0,10,7,1,0
1,7,1,3,0
0,1,7,1,0
1,10,7,4,1
1,3,1,4,0
1,0,7,4,1
1,0,7,4,1
1,10,1,3,0
1,0,7,4,1
0,10,7,1,0
0,10,7,4,1
1,3,1,4,0
0,10,7,1,0
1,7,1,5,0
1,7,1,4,0
1,10,1,4,0
1,10,7,1,1
0,10,7,4,1
1,10,7,4,1
1,10,1,3,0
1,10,7,4,1
1,2,1,4,0
0,1,7,1,0
1,7,1,4,0
1,0,7,4,1
1,3,1,5,0
1,7,1,4,0
1,10,5,4,0
1,2,1,5,0
1,7,1,4,0
1,10,1,4,0
0,10,7,1,0
1,2,1,4,0
1,7,1,3,0
1,10,5,4,0
1,10,1,4,0
0,10,7,1,0
1,10,1,3,0
1,10,7,4,1
1,7,1,4,0
1,2,1,5,0
1,10,7,4,1
1,7,1,3,0
0,10,7,1,0
1,0,7,4,1
1,0,7,4,1
1,0,7,4,1
1,3,1,4,0
0,1,7,1,0
1,7,1,5,0
0,1,7,1,0
1,10,1,3,0
0,10,7,4,1
1,0,7,4,1
1,3,1,4,0
1,3,1,4,0
1,10,7,4,1
1,10,5,4,0
1,2,1,5,0
0,10,7,1,0
1,10,7,1,1
1,7,1,4,0
0,9,1,5,1
0,10,1,4,1
0,10,7,1,0
1,3,1,4,0
1,0,7,4,1
1,2,1,5,0
1,10,1,3,0
1,3,1,3,0
0,1,7,1,0
1,0,7,4,1
1,7,1,5,0
1,2,1,5,0
0,1,7,1,0
1,7,1,3,0
1,0,7,4,1
1,7,1,3,0
0,10,7,4,1
1,10,1,4,0
1,7,1,4,0
0,10,1,5,1
1,2,1,4,0
1,0,7,4,1
1,0,7,4,1
0,10,7,1,0
1,10,1,4,0
0,10,7,1,0
0,1,7,1,0
1,0,7,4,1
1,10,7,4,1
1,0,7,4,1
0,1,7,1,0
1,3,1,4,0
1,7,1,4,0
0,10,7,1,0
1,2,5,4,0
0,10,7,4,1
1,2,1,4,0
1,3,1,3,0
1,0,7,4,1
1,3,1,3,0
1,10,1,3,0
1,0,7,4,1
0,7,1,4,1
1,0,7,4,1
1,2,1,4,0
1,0,7,4,1
1,10,1,4,0
1,7,1,4,0
1,3,1,3,0
1,10,7,4,1
1,10,1,4,0
1,3,1,4,0
0,10,7,4,1
1,3,1,4,0
1,0,7,4,1
1,8,5,4,0
1,7,1,5,0
0,1,7,1,0
1,8,5,4,0
1,10,7,4,1
1,3,1,5,0
0,10,7,4,1
0,10,7,4,1
1,0,7,4,1
1,7,1,4,0
1,3,1,3,0
1,10,1,4,0
1,3,1,3,0
0,3,1,4,1
1,3,1,5,0
1,3,1,3,0
1,0,7,4,1
1,3,1,5,0
1,10,1,4,0
1,10,1,3,0
1,7,1,5,0
1,3,1,5,0
1,0,7,4,1
1,10,7,4,1
0,1,7,1,0
1,7,1,5,0
1,3,1,3,0
1,0,7,4,1
1,3,1,4,0
1,2,1,5,0
1,3,1,3,0
1,10,5,4,0
1,3,1,5,0
0,10,7,1,0
1,3,1,3,0
1,7,1,3,0
1,3,1,3,0
1,0,7,4,1
1,8,5,4,0
1,3,1,3,0
0,10,7,1,0
1,0,7,4,1
1,7,1,4,0
1,7,1,4,0
0,1,7,1,0
1,10,1,4,0
0,10,7,4,1
0,1,7,1,0
0,10,7,4,1
0,10,7,1,0
1,10,1,4,0
0,10,7,1,0
0,10,7,1,0
1,7,1,4,0
0,1,7,1,0
1,7,1,4,0
1,10,7,4,1
1,3,1,3,0
1,3,1,4,0
1,7,1,5,0
1,10,7,4,1
1,7,1,5,0
1,7,1,4,0
0,10,7,4,1
1,0,7,4,1
1,3,1,3,0
1,0,7,4,1
1,8,5,4,0
1,2,1,5,0
1,10,1,3,0
1,2,1,4,0
1,7,1,3,0
1,3,1,3,0
1,0,7,4,1
1,3,1,4,0
0,1,7,1,0
1,2,1,4,0
0,1,7,1,0
0,10,7,1,0
0,1,7,1,0
1,7,1,4,0
1,3,1,4,0
0,1,7,1,0
0,10,7,1,0
1,2,1,4,0
1,2,5,4,0
1,3,1,3,0
1,10,1,3,0
1,7,1,3,0
1,3,1,5,0
1,10,1,3,0
1,10,1,3,0
0,3,1,5,1
1,7,1,4,0
1,0,7,4,1
1,10,1,3,0
0,10,7,4,1
1,3,1,4,0
0,7,1,5,1
1,3,1,4,0
1,7,1,4,0
1,2,5,4,0
1,0,7,4,1
1,0,7,4,1
1,3,1,4,0
0,1,7,1,0
1,10,1,3,0
1,10,1,4,0
1,0,7,4,1
1,3,1,3,0
1,0,7,4,1
1,7,1,3,0
1,10,1,4,0
1,10,1,3,0
1,2,1,4,0
1,7,1,4,0
1,7,1,5,0
1,2,1,5,0
1,10,1,3,0
1,7,1,3,0
1,3,1,3,0
1,7,1,5,0
1,3,1,3,0
1,0,7,4,1
1,10,1,3,0
0,1,7,1,0
1,10,5,4,0
1,0,7,4,1
0,1,7,1,0
1,10,1,4,0
1,7,1,4,0
1,0,7,4,1
1,10,1,3,0
1,0,7,4,1
1,10,5,4,0
1,0,7,4,1
1,2,1,4,0
1,2,1,4,0
1,3,1,4,0
1,8,5,4,0
1,3,1,3,0
0,10,7,1,0
1,10,1,4,0
0,1,7,1,0
1,7,1,3,0
1,0,7,4,1
1,7,1,4,0
1,7,1,4,0
1,7,1,5,0
0,10,7,1,0
1,2,1,4,0
1,0,7,4,1
1,10,1,4,0
1,3,1,5,0
0,1,7,1,0
1,2,5,4,0
1,10,5,4,0
1,2,1,5,0
1,3,1,4,0
0,10,1,4,1
1,7,1,3,0
1,7,1,3,0
1,7,1,3,0
1,0,7,4,1
0,1,7,1,0
0,10,7,1,0
0,10,7,1,0
1,3,1,4,0
1,7,1,5,0
1,0,7,4,1
1,10,7,1,1
1,7,1,4,0
1,10,1,3,0
1,0,7,4,1
1,10,1,3,0
1,0,7,4,1
0,1,7,1,0
0,3,1,5,1
1,3,1,5,0
1,0,7,4,1
1,2,1,5,0
1,0,7,4,1
1,3,1,4,0
1,0,7,4,1
0,10,7,4,1
1,7,1,4,0
1,7,1,5,0
0,1,7,1,0
1,8,5,4,0
1,3,1,4,0
0,3,1,4,1
1,0,7,4,1
1,0,7,4,1
1,7,1,4,0
1,2,1,4,0
1,0,7,4,1
0,1,7,1,0
1,0,7,4,1
0,10,7,1,0
0,10,7,1,0
0,1,7,1,0
1,10,1,4,0
0,1,7,1,0
1,2,1,5,0
1,2,1,5,0
1,2,1,5,0
0,10,7,1,0
1,7,1,4,0
0,10,7,4,1
0,10,7,4,1
1,8,5,4,0
1,0,7,4,1
1,3,1,3,0
0,7,1,4,1
1,10,1,3,0
0,7,1,5,1
1,0,7,4,1
1,7,1,4,0
0,10,7,1,0
0,1,7,1,0
1,0,7,4,1
1,0,7,4,1
1,7,1,4,0
1,7,1,4,0
0,1,7,1,0
0,1,7,1,0
1,10,1,4,0
1,3,1,4,0
1,2,5,4,0
1,3,1,4,0
1,7,1,4,0
0,10,7,1,0
0,1,7,1,0
1,8,5,4,0
1,2,1,4,0
1,0,7,4,1
1,3,1,3,0
1,3,1,4,0
1,0,7,4,1
1,2,5,4,0
0,10,7,4,1
1,0,7,4,1
1,10,1,3,0
1,0,7,4,1
0,10,7,4,1
1,0,7,4,1
1,7,1,3,0
1,0,7,4,1
0,3,1,5,1
1,10,5,4,0
0,10,7,1,0
1,0,7,4,1
1,0,7,4,1
1,10,1,4,0
1,7,1,4,0
1,8,5,4,0
1,0,7,4,1
1,0,7,4,1
0,1,7,1,0
1,7,1,4,0
0,10,7,4,1
0,10,1,5,1
1,0,7,4,1
0,10,7,4,1
1,0,7,4,1
1,0,7,4,1
0,1,7,1,0
1,8,5,4,0
1,0,7,4,1
1,2,1,4,0
0,10,7,4,1
1,7,1,4,0
1,8,5,4,0
1,3,1,5,0
0,10,7,1,0
1,7,1,5,0
1,0,7,4,1
1,0,7,4,1
1,2,1,4,0
1,2,5,4,0
1,7,1,4,0
0,10,7,1,0
0,10,7,4,1
1,3,1,4,0
0,1,7,1,0
0,1,7,1,0
0,1,7,1,0
1,3,1,5,0
1,3,1,4,0
1,2,1,4,0
0,1,7,1,0
1,7,1,4,0
0,10,7,4,1
1,2,1,4,0
1,2,1,4,0
1,8,5,4,0
1,0,7,4,1
1,7,1,5,0
1,2,1,4,0
1,2,5,4,0
0,1,7,1,0
1,2,1,4,0
0,1,7,1,0
1,10,7,4,1
1,2,1,5,0
1,2,1,4,0
1,0,7,4,1
0,10,7,1,0
1,10,1,4,0
1,10,1,3,0
1,3,1,5,0
0,10,7,1,0
1,7,1,5,0
1,7,1,5,0
0,10,7,1,0
0,1,7,1,0
1,3,1,4,0
1,7,1,4,0
1,2,1,4,0
1,10,1,3,0
1,7,1,4,0
1,10,7,4,1
1,3,1,3,0
0,1,7,1,0
1,2,1,5,0
1,7,1,3,0
0,10,7,4,1
1,7,1,5,0
0,10,7,4,1
1,7,1,5,0
1,0,7,4,1
0,10,7,1,0
1,3,1,4,0
1,3,1,5,0
1,7,1,5,0
1,0,7,4,1
0,10,1,5,1
1,7,1,5,0
1,3,1,4,0
1,10,1,4,0
1,10,1,3,0
0,10,7,1,0
1,10,7,4,1
0,10,1,4,1
1,0,7,4,1
0,10,7,1,0
1,10,1,4,0
1,7,1,4,0
0,1,7,1,0
0,10,7,4,1
1,7,1,4,0
1,3,1,4,0
1,0,7,4,1
0,1,7,1,0
0,10,7,1,0
1,3,1,4,0
1,0,7,4,1
0,1,7,1,0
1,3,1,5,0
1,0,7,4,1
0,10,7,1,0
1,7,1,4,0
1,7,1,4,0
1,2,1,5,0
0,10,7,4,1
1,10,5,4,0
0,10,7,1,0
1,10,1,4,0
1,10,1,4,0
1,7,1,4,0
1,7,1,3,0
1,0,7,4,1
1,7,1,4,0
0,10,7,1,0
1,3,1,4,0
1,0,7,4,1
0,9,1,4,1
0,10,7,1,0
1,7,1,4,0
1,10,7,1,1
1,7,1,3,0
1,0,7,4,1
0,10,7,1,0
1,0,7,4,1
1,0,7,4,1
1,3,1,3,0
0,1,7,1,0
1,7,1,3,0
1,8,5,4,0
0,10,7,4,1
1,7,1,4,0
1,3,1,4,0
1,7,1,4,0
0,1,7,1,0
0,10,7,1,0
0,9,1,4,1
0,1,7,1,0
1,3,1,4,0
1,0,7,4,1
0,10,7,1,0
1,10,5,4,0
1,10,1,3,0
1,7,1,4,0
0,10,7,1,0
1,7,1,3,0
0,1,7,1,0
1,2,5,4,0
1,0,7,4,1
1,2,1,4,0
1,10,1,3,0
0,10,7,4,1
1,7,1,4,0
1,10,1,4,0
1,8,5,4,0
1,8,5,4,0
1,10,1,3,0
0,10,7,1,0
1,0,7,4,1
1,2,1,4,0
0,10,7,1,0
1,0,7,4,1
1,7,1,3,0
1,2,5,4,0
1,0,7,4,1
1,3,1,4,0
1,3,1,4,0
0,9,1,5,1
1,3,1,3,0
1,7,1,3,0
0,9,1,4,1
1,0,7,4,1
0,10,7,1,0
1,0,7,4,1
1,0,7,4,1
1,7,1,3,0
0,7,1,5,1
1,2,5,4,0
1,7,1,4,0
0,10,7,4,1
0,7,1,4,1
1,10,1,4,0
0,10,1,4,1
1,0,7,4,1
0,1,7,1,0
1,8,5,4,0
1,10,7,4,1
1,2,1,5,0
1,3,1,4,0
1,3,1,4,0
0,10,7,1,0
1,10,5,4,0
1,10,5,4,0
1,0,7,4,1
1,7,1,4,0
1,3,1,5,0
1,2,5,4,0
0,10,7,4,1
1,2,1,5,0
1,3,1,4,0
1,7,1,4,0
1,3,1,3,0
1,0,7,4,1
1,10,7,4,1
1,0,7,4,1
1,3,1,3,0
1,7,1,5,0
0,10,7,4,1
1,10,1,3,0
1,3,1,4,0
0,1,7,1,0
1,3,1,3,0
1,7,1,4,0
1,0,7,4,1
1,7,1,4,0
1,3,1,3,0
1,7,1,4,0
0,10,7,4,1
1,0,7,4,1
0,1,7,1,0
1,0,7,4,1
1,7,1,3,0
1,0,7,4,1
0,10,7,1,0
1,3,1,4,0
1,10,1,4,0
0,10,7,1,0
1,7,1,4,0
1,7,1,4,0
0,1,7,1,0
1,7,1,4,0
0,1,7,1,0
1,7,1,5,0
1,10,1,3,0
1,0,7,4,1
1,7,1,5,0
1,8,5,4,0
1,0,7,4,1
0,10,1,4,1
0,3,1,5,1
1,0,7,4,1
1,7,1,3,0
0,10,1,4,1
1,10,5,4,0
1,2,1,4,0
1,3,1,4,0
1,2,1,5,0
1,3,1,4,0
1,3,1,5,0
1,7,1,3,0
0,9,1,4,1
1,10,1,3,0
0,10,7,1,0
1,0,7,4,1
1,10,1,3,0
1,2,1,5,0
1,10,5,4,0
1,0,7,4,1
1,10,5,4,0
1,7,1,5,0
1,2,1,5,0
0,1,7,1,0
0,10,7,1,0
1,0,7,4,1
0,1,7,1,0
1,8,5,4,0
0,10,7,1,0
1,0,7,4,1
0,10,7,1,0
1,10,1,3,0
1,2,5,4,0
1,0,7,4,1
1,0,7,4,1
1,3,1,5,0
1,0,7,4,1
1,0,7,4,1
1,10,1,4,0
0,10,7,1,0
0,9,1,5,1
1,2,1,5,0
1,3,1,4,0
1,0,7,4,1
1,3,1,4,0
1,3,1,4,0
1,3,1,5,0
1,8,5,4,0
0,1,7,1,0
1,0,7,4,1
1,7,1,4,0
0,10,7,1,0
1,7,1,4,0
1,10,1,4,0
1,7,1,3,0
1,7,1,5,0
1,0,7,4,1
1,3,1,4,0
0,1,7,1,0
0,10,7,1,0
0,7,1,4,1
1,7,1,3,0
1,3,1,3,0
0,1,7,1,0
1,7,1,5,0
1,0,7,4,1
1,2,5,4,0
1,7,1,5,0
0,10,7,4,1
1,7,1,5,0
1,7,1,3,0
0,10,7,1,0
0,10,7,1,0
1,10,1,4,0
1,7,1,5,0
1,3,1,3,0
1,3,1,4,0
1,7,1,3,0
0,10,7,1,0
0,1,7,1,0
1,2,1,5,0
0,1,7,1,0
0,10,7,1,0
1,7,1,4,0
1,10,1,4,0
1,2,1,4,0
1,3,1,4,0
1,3,1,4,0
1,2,1,4,0
1,7,1,5,0
1,3,1,5,0
1,2,1,4,0
1,2,5,4,0
1,0,7,4,1
1,10,5,4,0
0,10,7,1,0
1,0,7,4,1
1,0,7,4,1
1,0,7,4,1
1,10,1,3,0
1,10,7,4,1
1,10,1,4,0
0,1,7,1,0
0,1,7,1,0
0,10,7,1,0
1,2,5,4,0
1,10,1,4,0
1,7,1,3,0
1,7,1,4,0
1,0,7,4,1
1,10,5,4,0
1,3,1,4,0
1,8,5,4,0
0,7,1,5,1
0,10,7,4,1
1,7,1,4,0
1,3,1,4,0
1,2,1,4,0
0,1,7,1,0
1,3,1,5,0
1,10,7,4,1
1,0,7,4,1
1,3,1,5,0
1,2,1,5,0
1,7,1,3,0
1,0,7,4,1
0,10,7,1,0
0,10,7,4,1
1,2,5,4,0
1,10,7,4,1
1,3,1,4,0
1,0,7,4,1
1,3,1,5,0
1,7,1,4,0
1,7,1,3,0
0,9,1,5,1
1,0,7,4,1
1,2,5,4,0
1,0,7,4,1
1,10,1,4,0
1,10,1,4,0
0,1,7,1,0
1,10,1,3,0
0,10,7,4,1
1,7,1,4,0
0,10,1,5,1
1,10,1,3,0
1,8,5,4,0
1,7,1,5,0
1,3,1,3,0
1,0,7,4,1
1,2,1,4,0
1,3,1,3,0
1,3,1,3,0
1,0,7,4,1
1,7,1,5,0
1,0,7,4,1
1,2,5,4,0
1,2,1,4,0
1,0,7,4,1
1,0,7,4,1
0,1,7,1,0
0,7,1,5,1
1,7,1,4,0
1,2,1,5,0
1,0,7,4,1
1,0,7,4,1
1,0,7,4,1
1,0,7,4,1
1,0,7,4,1
1,0,7,4,1
1,0,7,4,1
1,0,7,4,1
1,0,7,4,1
1,0,7,4,1
1,0,7,4,1
1,0,7,4,1
1,0,7,4,1
1,0,7,4,1
1,0,7,4,1
1,0,7,4,1
1,0,7,4,1
1,0,7,4,1
1,0,7,4,1
1,0,7,4,1
1,0,7,4,1
1,0,7,4,1
1,0,7,4,1
1,0,7,4,1
1,0,7,4,1
1,0,7,4,1
1,0,7,4,1
1,0,7,4,1
1,0,7,4,1
1,0,7,4,1
1,0,7,4,1
1,0,7,4,1
1,0,7,4,1
1,0,7,4,1
1,0,7,4,1
1,0,7,4,1
1,0,7,4,1
1,0,7,4,1
0,11,3,1,0
1,0,7,4,1
0,6,3,4,0
1,0,7,4,1
1,0,7,4,1
1,0,7,4,1
1,0,7,4,1
1,0,7,4,1
1,0,7,4,1
1,0,7,4,1
1,0,7,4,1
1,0,7,4,1
1,0,7,4,1
1,0,7,4,1
1,0,7,4,1
1,0,7,4,1
1,0,7,4,1
1,0,7,4,1
1,0,7,4,1
1,0,7,4,1
1,0,7,4,1
1,0,7,4,1
1,0,7,4,1
1,0,7,4,1
1,0,7,4,1
1,0,7,4,1
1,0,7,4,1
1,0,7,4,1
1,0,7,4,1
1,0,7,4,1
0,10,7,2,0
1,0,7,4,1
1,0,7,4,1
1,0,7,4,1
1,0,7,4,1
1,0,7,4,1
1,0,7,4,1
1,0,7,4,1
1,0,7,4,1
1,0,7,4,1
1,0,7,4,1
1,0,7,4,1
1,0,7,4,1
1,0,7,4,1
1,0,7,4,1
1,0,7,4,1
1,0,7,4,1
1,0,7,4,1
1,0,7,4,1
1,0,7,4,1
1,0,7,4,1
1,0,7,4,1
1,0,7,4,1
1,0,7,4,1
1,0,7,4,1
1,0,7,4,1
1,0,7,4,1
1,0,7,4,1
1,0,7,4,1
1,0,7,4,1
1,0,7,4,1
1,0,7,4,1
1,0,7,4,1
1,0,7,4,1
1,0,7,4,1
1,0,7,4,1
1,0,7,4,1
1,0,7,4,1
1,0,7,4,1
1,0,7,4,1
1,0,7,4,1
1,0,7,4,1
1,0,7,4,1
1,0,7,4,1
1,0,7,4,1
1,0,7,4,1
1,0,7,4,1
1,0,7,4,1
1,0,7,4,1
1,0,7,4,1
1,0,7,4,1
1,0,7,4,1
0,10,7,4,0
1,0,7,4,1
1,0,7,4,1
1,0,7,4,1
1,0,7,4,1
1,0,7,4,1
1,0,7,4,1
1,0,7,4,1
1,0,7,4,1
1,0,7,4,1
1,0,7,4,1
1,0,7,4,1
1,0,7,4,1
1,0,7,4,1
1,0,7,4,1
1,0,7,4,1
1,0,7,4,1
1,0,7,4,1
1,0,7,4,1
1,0,7,4,1
1,0,7,4,1
1,0,7,4,1
0,2,7,2,0
1,0,7,4,1
1,0,7,4,1
1,0,7,4,1
1,0,7,4,1
0,2,7,3,0
1,0,7,4,1
1,0,7,4,1
1,0,7,4,1
1,0,7,4,1
1,0,7,4,1
1,0,7,4,1
1,0,7,4,1
1,0,7,4,1
1,0,7,4,1
1,0,7,4,1
1,0,7,4,1
1,0,7,4,1
1,0,7,4,1
1,0,7,4,1
1,0,7,4,1
1,0,7,4,1
1,0,7,4,1
1,0,7,4,1
1,0,7,4,1
1,0,7,4,1
1,0,7,4,1
1,0,7,4,1
1,0,7,4,1
1,0,7,4,1
1,0,7,4,1
1,0,7,4,1
1,0,7,4,1
1,0,7,4,1
1,0,7,4,1
1,0,7,4,1
1,0,7,4,1
1,0,7,4,1
1,0,7,4,1
1,0,7,4,1
1,0,7,4,1
1,0,7,4,1
1,0,7,4,1
1,0,7,4,1
1,0,7,4,1
1,0,7,4,1
1,0,7,4,1
1,0,7,4,1
1,0,7,4,1
1,0,7,4,1
1,0,7,4,1
1,0,7,4,1
0,10,7,2,0
1,0,7,4,1
1,0,7,4,1
1,0,7,4,1
1,0,7,4,1
1,0,7,4,1
1,0,7,4,1
1,0,7,4,1
1,0,7,4,1
0,2,7,3,0
1,0,7,4,1
1,0,7,4,1
1,0,7,4,1
1,0,7,4,1
1,0,7,4,1
1,0,7,4,1
1,0,7,4,1
1,0,7,4,1
1,0,7,4,1
1,0,7,4,1
0,7,7,2,0
1,0,7,4,1
1,0,7,4,1
1,0,7,4,1
1,0,7,4,1
0,2,7,3,0
1,0,7,4,1
1,0,7,4,1
1,0,7,4,1
1,0,7,4,1
1,0,7,4,1
1,0,7,4,1
1,0,7,4,1
1,0,7,4,1
1,0,7,4,1
1,0,7,4,1
1,0,7,4,1
1,0,7,4,1
1,0,7,4,1
1,0,7,4,1
1,0,7,4,1
1,0,7,4,1
1,0,7,4,1
1,0,7,4,1
1,0,7,4,1
1,0,7,4,1
1,0,7,4,1
1,0,7,4,1
1,0,7,4,1
1,0,7,4,1
1,0,7,4,1
1,0,7,4,1
1,0,7,4,1
1,0,7,4,1
1,0,7,4,1
1,0,7,4,1
1,0,7,4,1
1,0,7,4,1
1,0,7,4,1
1,0,7,4,1
1,0,7,4,1
1,0,7,4,1
1,0,7,4,1
1,0,7,4,1
1,0,7,4,1
1,0,7,4,1
1,0,7,4,1
0,2,7,3,0
1,0,7,4,1
1,0,7,4,1
1,0,7,4,1
1,0,7,4,1
1,0,7,4,1
1,0,7,4,1
1,0,7,4,1
1,0,7,4,1
1,0,7,4,1
1,0,7,4,1
1,0,7,4,1
1,0,7,4,1
1,0,7,4,1
1,0,7,4,1
1,0,7,4,1
1,0,7,4,1
1,0,7,4,1
0,7,7,3,0
1,0,7,4,1
1,0,7,4,1
1,0,7,4,1
1,0,7,4,1
1,0,7,4,1
1,0,7,4,1
1,0,7,4,1
1,0,7,4,1
1,0,7,4,1
1,0,7,4,1
1,0,7,4,1
1,0,7,4,1
1,0,7,4,1
1,0,7,4,1
1,0,7,4,1
1,0,7,4,1
1,0,7,4,1
1,0,7,4,1
1,0,7,4,1
1,0,7,4,1
1,0,7,4,1
1,0,7,4,1
1,0,7,4,1
1,0,7,4,1
1,0,7,4,1
1,0,7,4,1
1,0,7,4,1
1,0,7,4,1
1,0,7,4,1
1,0,7,4,1
1,0,7,4,1
1,0,7,4,1
1,0,7,4,1
1,0,7,4,1
1,0,7,4,1
1,0,7,4,1
1,0,7,4,1
1,0,7,4,1
1,0,7,4,1
1,0,7,4,1
1,0,7,4,1
1,0,7,4,1
1,0,7,4,1
1,0,7,4,1
1,0,7,4,1
1,0,7,4,1
1,0,7,4,1
1,0,7,4,1
1,0,7,4,1
1,0,7,4,1
1,0,7,4,1
0,10,7,3,0
1,0,7,4,1
1,0,7,4,1
1,0,7,4,1
1,0,7,4,1
1,0,7,4,1
1,0,7,4,1
1,0,7,4,1
1,0,7,4,1
1,0,7,4,1
1,0,7,4,1
1,0,7,4,1
1,0,7,4,1
1,0,7,4,1
1,0,7,4,1
1,0,7,4,1
1,0,7,4,1
1,0,7,4,1
1,0,7,4,1
1,0,7,4,1
1,0,7,4,1
1,0,7,4,1
1,0,7,4,1
1,0,7,4,1
1,0,7,4,1
1,0,7,4,1
1,0,7,4,1
1,0,7,4,1
1,0,7,4,1
1,0,7,4,1
1,0,7,4,1
1,0,7,4,1
1,0,7,4,1
1,0,7,4,1
1,0,7,4,1
0,7,7,2,0
1,0,7,4,1
1,0,7,4,1
1,0,7,4,1
1,0,7,4,1
1,0,7,4,1
1,0,7,4,1
1,0,7,4,1
1,0,7,4,1
0,6,4,4,0
1,0,7,4,1
1,0,7,4,1
1,0,7,4,1
1,0,7,4,1
1,0,7,4,1
1,0,7,4,1
1,0,7,4,1
1,0,7,4,1
1,0,7,4,1
1,0,7,4,1
1,0,7,4,1
1,0,7,4,1
1,0,7,4,1
1,0,7,4,1
1,0,7,4,1
1,0,7,4,1
1,0,7,4,1
1,0,7,4,1
1,0,7,4,1
1,0,7,4,1
0,2,7,3,0
1,0,7,4,1
1,0,7,4,1
1,0,7,4,1
1,0,7,4,1
1,0,7,4,1
1,0,7,4,1
0,2,7,3,0
1,0,7,4,1
1,0,7,4,1
0,10,7,3,0
1,0,7,4,1
1,0,7,4,1
1,0,7,4,1
1,0,7,4,1
1,0,7,4,1
1,0,7,4,1
1,0,7,4,1
1,0,7,4,1
1,10,7,1,0
1,0,7,4,1
1,0,7,4,1
1,0,7,4,1
1,0,7,4,1
1,0,7,4,1
1,0,7,4,1
1,0,7,4,1
1,0,7,4,1
0,5,8,1,0
1,0,7,4,1
1,0,7,4,1
1,0,7,4,1
1,0,7,4,1
1,0,7,4,1
1,0,7,4,1
1,0,7,4,1
1,0,7,4,1
1,0,7,4,1
0,5,4,4,0
1,0,7,4,1
1,0,7,4,1
1,0,7,4,1
1,0,7,4,1
1,0,7,4,1
1,0,7,4,1
1,0,7,4,1
1,0,7,4,1
1,0,7,4,1
1,0,7,4,1
1,0,7,4,1
1,0,7,4,1
1,0,7,4,1
1,0,7,4,1
0,2,7,2,0
1,0,7,4,1
1,0,7,4,1
1,0,7,4,1
1,0,7,4,1
1,0,7,4,1
1,0,7,4,1
1,0,7,4,1
1,0,7,4,1
1,0,7,4,1
1,0,7,4,1
1,0,7,4,1
1,0,7,4,1
1,0,7,4,1
1,0,7,4,1
1,0,7,4,1
1,0,7,4,1
1,0,7,4,1
1,0,7,4,1
1,0,7,4,1
1,0,7,4,1
1,0,7,4,1
1,0,7,4,1
1,0,7,4,1
1,0,7,4,1
1,0,7,4,1
1,0,7,4,1
1,0,7,4,1
1,0,7,4,1
1,0,7,4,1
1,0,7,4,1
1,0,7,4,1
1,0,7,4,1
1,0,7,4,1
1,0,7,4,1
1,0,7,4,1
1,0,7,4,1
1,0,7,4,1
1,0,7,4,1
1,0,7,4,1
1,0,7,4,1
1,0,7,4,1
1,0,7,4,1
1,0,7,4,1
1,0,7,4,1
1,0,7,4,1
1,0,7,4,1
1,0,7,4,1
1,0,7,4,1
1,0,7,4,1
1,0,7,4,1
1,0,7,4,1
1,0,7,4,1
1,0,7,4,1
1,0,7,4,1
1,0,7,4,1
1,0,7,4,1
1,0,7,4,1
1,0,7,4,1
1,0,7,4,1
0,7,7,2,0
1,0,7,4,1
1,0,7,4,1
1,0,7,4,1
1,0,7,4,1
1,0,7,4,1
1,0,7,4,1
1,0,7,4,1
0,7,7,2,0
1,0,7,4,1
1,0,7,4,1
1,0,7,4,1
1,0,7,4,1
1,0,7,4,1
1,0,7,4,1
1,0,7,4,1
1,0,7,4,1
1,0,7,4,1
1,0,7,4,1
1,0,7,4,1
1,0,7,4,1
0,7,7,2,0
1,0,7,4,1
1,0,7,4,1
1,0,7,4,1
1,0,7,4,1
1,0,7,4,1
1,0,7,4,1
1,0,7,4,1
1,0,7,4,1
1,0,7,4,1
1,0,7,4,1
1,0,7,4,1
1,0,7,4,1
1,0,7,4,1
1,0,7,4,1
1,0,7,4,1
1,0,7,4,1
1,0,7,4,1
1,0,7,4,1
1,0,7,4,1
1,0,7,4,1
1,0,7,4,1
1,0,7,4,1
1,0,7,4,1
1,0,7,4,1
1,0,7,4,1
1,0,7,4,1
1,0,7,4,1
0,5,0,4,0
1,0,7,4,1
1,0,7,4,1
1,0,7,4,1
1,0,7,4,1
1,0,7,4,1
1,0,7,4,1
1,0,7,4,1
1,0,7,4,1
1,0,7,4,1
1,0,7,4,1
1,0,7,4,1
1,0,7,4,1
1,0,7,4,1
1,0,7,4,1
1,0,7,4,1
1,0,7,4,1
1,0,7,4,1
1,0,7,4,1
1,0,7,4,1
1,0,7,4,1
1,0,7,4,1
1,0,7,4,1
1,0,7,4,1
1,0,7,4,1
1,0,7,4,1
1,0,7,4,1
1,0,7,4,1
1,0,7,4,1
1,0,7,4,1
1,0,7,4,1
1,0,7,4,1
1,0,7,4,1
1,0,7,4,1
1,0,7,4,1
1,0,7,4,1
1,0,7,4,1
1,0,7,4,1
1,0,7,4,1
1,0,7,4,1
1,0,7,4,1
0,7,7,2,0
1,0,7,4,1
1,0,7,4,1
1,0,7,4,1
1,0,7,4,1
1,0,7,4,1
1,0,7,4,1
1,0,7,4,1
1,0,7,4,1
1,0,7,4,1
1,0,7,4,1
1,0,7,4,1
1,0,7,4,1
1,0,7,4,1
1,0,7,4,1
1,0,7,4,1
1,0,7,4,1
1,0,7,4,1
1,0,7,4,1
1,0,7,4,1
1,0,7,4,1
1,0,7,4,1
1,0,7,4,1
1,0,7,4,1
1,0,7,4,1
1,0,7,4,1
1,0,7,4,1
1,0,7,4,1
1,0,7,4,1
1,0,7,4,1
1,0,7,4,1
1,0,7,4,1
1,0,7,4,1
1,0,7,4,1
1,0,7,4,1
1,0,7,4,1
1,0,7,4,1
1,0,7,4,1
1,0,7,4,1
1,0,7,4,1
1,0,7,4,1
1,0,7,4,1
1,0,7,4,1
1,0,7,4,1
1,0,7,4,1
1,0,7,4,1
1,0,7,4,1
1,0,7,4,1
1,0,7,4,1
1,0,7,4,1
1,0,7,4,1
1,0,7,4,1
1,0,7,4,1
1,0,7,4,1
1,0,7,4,1
1,0,7,4,1
1,0,7,4,1
1,0,7,4,1
1,0,7,4,1
1,0,7,4,1
1,0,7,4,1
0,7,7,3,0
1,0,7,4,1
1,0,7,4,1
0,6,8,4,0
1,0,7,4,1
1,0,7,4,1
1,0,7,4,1
1,0,7,4,1
1,10,7,1,0
1,0,7,4,1
1,0,7,4,1
1,0,7,4,1
1,0,7,4,1
1,0,7,4,1
1,0,7,4,1
1,0,7,4,1
1,0,7,4,1
1,0,7,4,1
1,0,7,4,1
1,0,7,4,1
1,0,7,4,1
1,0,7,4,1
1,0,7,4,1
1,0,7,4,1
1,0,7,4,1
1,0,7,4,1
1,0,7,4,1
1,0,7,4,1
1,0,7,4,1
1,0,7,4,1
1,0,7,4,1
1,0,7,4,1
1,0,7,4,1
1,0,7,4,1
1,0,7,4,1
1,0,7,4,1
1,0,7,4,1
1,0,7,4,1
1,0,7,4,1
1,0,7,4,1
1,0,7,4,1
1,0,7,4,1
1,0,7,4,1
1,0,7,4,1
1,0,7,4,1
1,0,7,4,1
1,0,7,4,1
1,0,7,4,1
1,0,7,4,1
1,0,7,4,1
1,0,7,4,1
1,0,7,4,1
1,0,7,4,1
1,0,7,4,1
1,0,7,4,1
1,0,7,4,1
1,0,7,4,1
1,0,7,4,1
1,0,7,4,1
1,0,7,4,1
1,0,7,4,1
1,0,7,4,1
1,0,7,4,1
1,0,7,4,1
1,0,7,4,1
1,0,7,4,1
1,0,7,4,1
1,0,7,4,1
1,0,7,4,1
1,0,7,4,1
1,0,7,4,1
1,0,7,4,1
1,0,7,4,1
1,0,7,4,1
1,0,7,4,1
1,0,7,4,1
1,0,7,4,1
1,0,7,4,1
1,0,7,4,1
1,0,7,4,1
1,0,7,4,1
1,0,7,4,1
1,0,7,4,1
1,0,7,4,1
0,2,7,3,0
1,0,7,4,1
1,0,7,4,1
1,0,7,4,1
1,0,7,4,1
1,0,7,4,1
1,0,7,4,1
1,0,7,4,1
0,10,7,3,0
1,0,7,4,1
1,0,7,4,1
1,0,7,4,1
1,0,7,4,1
1,0,7,4,1
1,0,7,4,1
1,0,7,4,1
1,0,7,4,1
1,0,7,4,1
0,7,7,3,0
0,11,4,1,0
1,0,7,4,1
1,0,7,4,1
1,0,7,4,1
1,0,7,4,1
1,0,7,4,1
1,0,7,4,1
1,0,7,4,1
1,0,7,4,1
1,0,7,4,1
1,0,7,4,1
0,2,7,2,0
1,0,7,4,1
1,0,7,4,1
1,0,7,4,1
1,0,7,4,1
1,0,7,4,1
1,0,7,4,1
1,0,7,4,1
1,0,7,4,1
1,0,7,4,1
1,0,7,4,1
1,0,7,4,1
1,0,7,4,1
1,0,7,4,1
1,0,7,4,1
1,0,7,4,1
1,0,7,4,1
1,0,7,4,1
1,0,7,4,1
1,0,7,4,1
1,0,7,4,1
1,0,7,4,1
1,0,7,4,1
1,0,7,4,1
1,0,7,4,1
1,0,7,4,1
1,0,7,4,1
1,0,7,4,1
1,0,7,4,1
1,0,7,4,1
1,0,7,4,1
1,0,7,4,1
1,0,7,4,1
1,0,7,4,1
1,0,7,4,1
1,0,7,4,1
1,0,7,4,1
1,0,7,4,1
1,0,7,4,1
1,0,7,4,1
1,0,7,4,1
1,0,7,4,1
1,0,7,4,1
1,0,7,4,1
1,0,7,4,1
1,0,7,4,1
1,0,7,4,1
1,0,7,4,1
1,0,7,4,1
1,0,7,4,1
1,0,7,4,1
1,0,7,4,1
1,0,7,4,1
0,10,7,2,0
1,0,7,4,1
1,0,7,4,1
1,0,7,4,1
1,0,7,4,1
1,0,7,4,1
1,0,7,4,1
1,0,7,4,1
1,0,7,4,1
1,0,7,4,1
1,0,7,4,1
1,0,7,4,1
1,0,7,4,1
1,0,7,4,1
1,0,7,4,1
1,0,7,4,1
1,0,7,4,1
1,0,7,4,1
1,0,7,4,1
1,0,7,4,1
1,0,7,4,1
1,0,7,4,1
0,5,4,1,0
1,0,7,4,1
1,0,7,4,1
1,0,7,4,1
1,0,7,4,1
1,0,7,4,1
1,10,7,1,0
1,0,7,4,1
1,0,7,4,1
1,0,7,4,1
1,0,7,4,1
0,2,7,3,0
1,0,7,4,1
1,0,7,4,1
1,0,7,4,1
1,0,7,4,1
1,0,7,4,1
1,0,7,4,1
1,0,7,4,1
1,0,7,4,1
1,0,7,4,1
1,0,7,4,1
1,0,7,4,1
1,0,7,4,1
1,0,7,4,1
1,0,7,4,1
1,0,7,4,1
1,0,7,4,1
1,0,7,4,1
1,0,7,4,1
1,0,7,4,1
1,0,7,4,1
1,0,7,4,1
1,0,7,4,1
1,0,7,4,1
0,10,7,2,0
1,0,7,4,1
1,0,7,4,1
1,0,7,4,1
1,0,7,4,1
1,0,7,4,1
1,0,7,4,1
1,0,7,4,1
1,0,7,4,1
1,0,7,4,1
1,0,7,4,1
1,0,7,4,1
1,0,7,4,1
1,0,7,4,1
1,0,7,4,1
1,0,7,4,1
0,5,8,4,0
1,0,7,4,1
1,0,7,4,1
1,0,7,4,1
0,10,7,5,0
0,5,8,1,0
0,10,7,2,0
0,2,7,3,0
1,0,7,4,1
1,0,7,4,1
0,6,4,1,0
1,0,7,4,1
1,11,7,1,1
1,0,7,4,1
0,2,7,2,0
1,0,7,4,1
1,0,7,4,1
1,0,7,4,1
1,0,7,4,1
1,0,7,4,1
0,10,7,3,0
1,0,7,4,1
1,0,7,4,1
1,0,7,4,1
0,7,7,2,0
1,0,7,4,1
1,0,7,4,1
0,6,3,1,0
0,10,7,5,0
1,0,7,4,1
1,0,7,4,1
1,0,7,4,1
0,10,7,2,0
1,0,7,4,1
1,0,7,4,1
1,0,7,4,1
1,0,7,4,1
0,7,7,3,0
0,7,7,2,0
1,0,7,4,1
1,0,7,4,1
0,10,7,4,0
1,0,7,4,1
1,0,7,4,1
1,0,7,4,1
1,10,7,1,0
1,0,7,4,1
1,0,7,4,1
1,0,7,4,1
1,0,7,4,1
1,0,7,4,1
1,0,7,4,1
0,10,7,3,0
1,0,7,4,1
1,0,7,4,1
1,0,7,4,1
1,0,7,4,1
1,0,7,4,1
0,2,7,3,0
1,0,7,4,1
1,0,7,4,1
1,0,7,4,1
1,0,7,4,1
1,0,7,4,1
1,0,7,4,1
1,0,7,4,1
1,0,7,4,1
0,10,7,5,0
1,0,7,4,1
1,0,7,4,1
0,10,7,5,0
1,0,7,4,1
1,0,7,4,1
1,0,7,4,1
1,0,7,4,1
0,10,7,3,0
1,0,7,4,1
1,0,7,4,1
1,0,7,4,1
1,0,7,4,1
1,0,7,4,1
1,0,7,4,1
1,0,7,4,1
1,0,7,4,1
0,10,7,5,0
1,0,7,4,1
1,0,7,4,1
1,0,7,4,1
1,0,7,4,1
0,5,3,1,0
0,7,7,2,0
1,11,7,1,0
1,0,7,4,1
1,0,7,4,1
0,11,4,1,0
1,0,7,4,1
1,0,7,4,1
0,7,7,3,0
0,10,7,3,0
0,11,4,4,0
1,0,7,4,1
1,0,7,4,1
1,0,7,4,1
0,10,7,3,0
0,2,7,2,0
0,7,7,3,0
1,0,7,4,1
1,0,7,4,1
0,10,7,3,0
0,2,7,3,0
1,0,7,4,1
0,2,7,3,0
1,0,7,4,1
1,0,7,4,1
1,0,7,4,1
0,7,7,3,0
0,10,7,2,0
1,0,7,4,1
1,0,7,4,1
0,2,7,3,0
0,2,7,2,0
1,0,7,4,1
0,10,7,4,0
1,0,7,4,1
1,0,7,4,1
0,11,0,1,0
0,5,3,1,0
1,0,7,4,1
1,0,7,4,1
1,0,7,4,1
1,0,7,4,1
1,0,7,4,1
0,2,7,2,0
0,6,3,1,0
1,10,7,1,0
0,2,7,3,0
0,5,4,4,0
0,11,0,4,0
1,0,7,4,1
0,7,7,2,0
0,2,7,3,0
0,6,3,4,0
1,0,7,4,1
1,0,7,4,1
1,0,7,4,1
1,0,7,4,1
0,7,7,2,0
1,0,7,4,1
1,0,7,4,1
1,0,7,4,1
0,10,7,3,0
0,11,8,1,0
1,0,7,4,1
1,0,7,4,1
0,6,4,4,0
1,0,7,4,1
1,0,7,4,1
1,0,7,4,1
1,0,7,4,1
1,0,7,4,1
1,0,7,4,1
1,0,7,4,1
1,0,7,4,1
0,10,7,5,0
1,0,7,4,1
1,10,7,1,0
1,0,7,4,1
0,2,7,3,0
1,0,7,4,1
1,0,7,4,1
1,0,7,4,1
1,0,7,4,1
1,0,7,4,1
0,10,7,5,0
1,0,7,4,1
1,0,7,4,1
1,0,7,4,1
1,0,7,4,1
1,0,7,4,1
0,11,3,1,0
1,0,7,4,1
1,0,7,4,1
1,0,7,4,1
1,0,7,4,1
1,0,7,4,1
1,0,7,4,1
0,10,7,3,0
1,0,7,4,1
1,0,7,4,1
0,2,7,2,0
0,5,3,4,0
1,10,7,1,0
1,0,7,4,1
1,0,7,4,1
1,0,7,4,1
1,0,7,4,1
1,0,7,4,1
1,0,7,4,1
0,2,7,2,0
1,0,7,4,1
1,11,7,1,0
1,0,7,4,1
1,0,7,4,1
0,7,7,3,0
1,0,7,4,1
1,0,7,4,1
1,0,7,4,1
1,0,7,4,1
1,0,7,4,1
1,0,7,4,1
0,10,7,2,0
1,10,7,1,0
1,0,7,4,1
1,0,7,4,1
1,0,7,4,1
1,0,7,4,1
0,10,7,4,0
1,0,7,4,1
1,0,7,4,1
0,10,7,2,0
1,0,7,4,1
1,0,7,4,1
1,0,7,4,1
0,10,7,2,0
1,0,7,4,1
1,0,7,4,1
1,0,7,4,1
1,0,7,4,1
0,5,8,4,0
1,0,7,4,1
1,0,7,4,1
1,0,7,4,1
1,0,7,4,1
0,6,0,4,0
0,7,7,3,0
0,5,3,4,0
0,7,7,2,0
1,0,7,4,1
1,0,7,4,1
1,0,7,4,1
1,0,7,4,1
0,7,7,2,0
1,0,7,4,1
0,7,7,2,0
1,0,7,4,1
1,0,7,4,1
1,10,7,1,0
1,0,7,4,1
1,0,7,4,1
1,0,7,4,1
1,0,7,4,1
1,0,7,4,1
1,0,7,4,1
0,10,7,3,0
1,0,7,4,1
1,0,7,4,1
1,0,7,4,1
1,0,7,4,1
0,2,7,2,0
1,0,7,4,1
1,0,7,4,1
1,0,7,4,1
0,10,7,3,0
1,0,7,4,1
1,0,7,4,1
1,0,7,4,1
1,11,7,1,0
0,2,7,3,0
1,0,7,4,1
1,0,7,4,1
0,7,7,2,0
1,0,7,4,1
1,0,7,4,1
0,11,8,1,0
1,0,7,4,1
1,0,7,4,1
0,5,0,1,0
1,0,7,4,1
1,0,7,4,1
1,0,7,4,1
1,0,7,4,1
0,10,7,5,0
0,5,3,1,0
0,2,7,2,0
1,0,7,4,1
0,10,7,2,0
1,0,7,4,1
1,0,7,4,1
0,6,8,1,0
1,0,7,4,1
1,0,7,4,1
1,0,7,4,1
1,0,7,4,1
1,0,7,4,1
1,0,7,4,1
0,10,7,5,0
1,0,7,4,1
1,0,7,4,1
1,0,7,4,1
1,0,7,4,1
0,10,7,2,0
1,0,7,4,1
0,7,7,3,0
1,0,7,4,1
0,7,7,2,0
0,11,8,1,0
1,0,7,4,1
1,0,7,4,1
0,2,7,2,0
1,0,7,4,1
1,0,7,4,1
0,2,7,2,0
1,0,7,4,1
1,0,7,4,1
1,0,7,4,1
1,0,7,4,1
1,0,7,4,1
0,2,7,2,0
1,0,7,4,1
1,0,7,4,1
0,10,7,2,0
0,11,8,4,0
0,2,7,2,0
1,0,7,4,1
1,0,7,4,1
1,0,7,4,1
0,7,7,3,0
1,0,7,4,1
0,5,8,4,0
0,10,7,2,0
1,11,7,1,0
0,2,7,3,0
1,0,7,4,1
0,6,0,1,0
0,10,7,2,0
0,5,8,1,0
0,7,7,2,0
1,0,7,4,1
1,0,7,4,1
0,5,4,1,0
1,0,7,4,1
1,0,7,4,1
1,0,7,4,1
1,0,7,4,1
0,11,8,4,0
0,10,7,3,0
0,6,4,1,0
1,0,7,4,1
1,0,7,4,1
1,0,7,4,1
1,0,7,4,1
0,5,3,1,0
1,0,7,4,1
0,6,4,4,0
1,0,7,4,1
0,7,7,3,0
1,0,7,4,1
1,0,7,4,1
0,2,7,3,0
1,0,7,4,1
0,10,7,2,0
1,0,7,4,1
1,0,7,4,1
0,7,7,2,0
1,0,7,4,1
1,10,7,1,0
0,10,7,2,0
1,0,7,4,1
1,0,7,4,1
1,0,7,4,1
0,2,7,2,0
0,7,7,3,0
1,0,7,4,1
0,2,7,2,0
1,0,7,4,1
1,0,7,4,1
0,10,7,3,0
1,0,7,4,1
0,10,7,3,0
1,0,7,4,1
0,10,7,2,0
0,5,3,4,0
1,0,7,4,1
1,0,7,4,1
0,10,7,2,0
1,11,7,1,0
1,0,7,4,1
1,0,7,4,1
1,0,7,4,1
1,0,7,4,1
0,6,0,1,0
1,0,7,4,1
0,10,7,5,0
0,10,7,2,0
1,0,7,4,1
1,11,7,1,1
1,0,7,4,1
1,0,7,4,1
1,0,7,4,1
0,6,3,1,0
0,10,7,5,0
0,7,7,2,0
1,0,7,4,1
1,0,7,4,1
1,0,7,4,1
0,10,7,2,0
0,5,4,1,0
1,0,7,4,1
1,0,7,4,1
0,2,7,3,0
1,0,7,4,1
0,2,7,3,0
1,0,7,4,1
1,0,7,4,1
0,7,7,2,0
0,2,7,2,0
1,0,7,4,1
1,0,7,4,1
1,0,7,4,1
0,7,7,2,0
1,0,7,4,1
1,0,7,4,1
1,0,7,4,1
1,11,7,1,0
1,0,7,4,1
0,6,8,1,0
1,0,7,4,1
0,11,8,4,0
0,2,7,2,0
0,7,7,2,0
1,0,7,4,1
1,0,7,4,1
1,0,7,4,1
1,0,7,4,1
0,2,7,3,0
0,7,7,2,0
1,10,7,1,0
1,0,7,4,1
1,0,7,4,1
1,0,7,4,1
1,0,7,4,1
1,0,7,4,1
1,11,7,1,0
1,0,7,4,1
0,2,7,2,0
1,0,7,4,1
0,7,7,3,0
1,0,7,4,1
1,0,7,4,1
0,7,7,3,0
0,7,7,3,0
1,0,7,4,1
0,5,8,1,0
0,10,7,5,0
0,2,7,2,0
1,0,7,4,1
1,0,7,4,1
1,0,7,4,1
0,7,7,2,0
0,7,7,3,0
0,10,7,5,0
0,10,7,3,0
1,0,7,4,1
1,0,7,4,1
1,0,7,4,1
1,0,7,4,1
0,6,4,1,0
1,10,7,1,1
1,10,7,1,0
1,0,7,4,1
0,10,7,4,0
1,0,7,4,1
0,2,7,2,0
0,7,7,3,0
1,0,7,4,1
0,6,0,4,0
0,6,0,4,0
0,10,7,5,0
0,2,7,3,0
1,0,7,4,1
1,0,7,4,1
1,0,7,4,1
1,0,7,4,1
1,0,7,4,1
1,0,7,4,1
0,10,7,2,0
1,11,7,1,0
1,0,7,4,1
0,6,8,4,0
1,0,7,4,1
0,10,7,3,0
0,7,7,3,0
1,0,7,4,1
1,0,7,4,1
1,0,7,4,1
1,0,7,4,1
1,0,7,4,1
1,0,7,4,1
0,7,7,3,0
1,0,7,4,1
0,2,7,3,0
1,11,7,1,1
1,0,7,4,1
1,0,7,4,1
0,2,7,3,0
0,5,8,4,0
1,0,7,4,1
0,6,3,1,0
1,0,7,4,1
1,0,7,4,1
1,0,7,4,1
0,7,7,3,0
0,5,3,1,0
0,11,3,4,0
1,0,7,4,1
0,10,7,4,0
0,10,7,3,0
1,0,7,4,1
0,7,7,2,0
1,0,7,4,1
1,0,7,4,1
1,0,7,4,1
0,10,7,5,0
1,0,7,4,1
1,0,7,4,1
0,11,0,1,0
1,0,7,4,1
1,0,7,4,1
1,0,7,4,1
1,0,7,4,1
1,0,7,4,1
1,0,7,4,1
0,5,4,1,0
1,0,7,4,1
0,7,7,3,0
1,0,7,4,1
1,0,7,4,1
0,5,4,4,0
1,0,7,4,1
0,7,7,3,0
0,5,4,4,0
1,0,7,4,1
1,0,7,4,1
0,10,7,5,0
0,2,7,2,0
0,10,7,2,0
0,5,0,1,0
1,0,7,4,1
1,0,7,4,1
0,10,7,5,0
0,7,7,3,0
1,0,7,4,1
1,0,7,4,1
1,0,7,4,1
1,0,7,4,1
0,11,0,4,0
1,0,7,4,1
1,0,7,4,1
1,0,7,4,1
0,5,8,1,0
0,2,7,2,0
1,0,7,4,1
1,0,7,4,1
0,10,7,3,0
1,0,7,4,1
1,0,7,4,1
1,0,7,4,1
0,6,4,1,0
0,2,7,3,0
1,10,7,1,0
1,0,7,4,1
1,0,7,4,1
1,0,7,4,1
1,0,7,4,1
1,0,7,4,1
1,0,7,4,1
1,0,7,4,1
1,0,7,4,1
1,0,7,4,1
0,10,7,3,0
1,11,7,1,0
0,10,7,4,0
1,0,7,4,1
1,11,7,1,1
1,0,7,4,1
1,11,7,1,0
0,7,7,2,0
1,0,7,4,1
1,0,7,4,1
1,0,7,4,1
0,5,8,1,0
1,0,7,4,1
1,0,7,4,1
1,0,7,4,1
1,0,7,4,1
1,0,7,4,1
1,0,7,4,1
1,0,7,4,1
0,7,7,3,0
0,2,7,3,0
0,10,7,3,0
1,0,7,4,1
1,0,7,4,1
1,0,7,4,1
1,0,7,4,1
1,0,7,4,1
1,0,7,4,1
1,0,7,4,1
1,0,7,4,1
1,0,7,4,1
0,6,4,1,0
1,0,7,4,1
1,0,7,4,1
0,2,7,2,0
0,7,7,2,0
1,0,7,4,1
0,5,4,1,0
1,0,7,4,1
1,0,7,4,1
1,0,7,4,1
1,0,7,4,1
1,0,7,4,1
0,11,0,1,0
0,6,3,1,0
0,2,7,3,0
1,0,7,4,1
0,5,3,1,0
1,0,7,4,1
0,2,7,3,0
0,7,7,2,0
1,0,7,4,1
0,5,0,1,0
0,7,7,2,0
0,10,7,5,0
0,2,7,3,0
0,2,7,2,0
1,11,7,1,0
0,11,8,1,0
1,0,7,4,1
1,0,7,4,1
0,7,7,2,0
0,2,7,3,0
0,7,7,3,0
0,5,0,4,0
1,0,7,4,1
1,0,7,4,1
1,0,7,4,1
0,11,3,4,0
0,10,7,4,0
1,0,7,4,1
0,2,7,3,0
1,0,7,4,1
0,7,7,3,0
1,0,7,4,1
1,0,7,4,1
0,11,0,1,0
1,0,7,4,1
1,0,7,4,1
0,5,8,4,0
0,2,7,2,0
0,10,7,2,0
0,5,0,4,0
1,0,7,4,1
1,0,7,4,1
0,2,7,3,0
1,0,7,4,1
0,10,7,3,0
1,0,7,4,1
1,0,7,4,1
1,0,7,4,1
0,10,7,5,0
1,0,7,4,1
1,0,7,4,1
0,2,7,3,0
1,0,7,4,1
1,0,7,4,1
0,10,7,2,0
1,0,7,4,1
1,0,7,4,1
1,0,7,4,1
1,0,7,4,1
0,2,7,2,0
1,0,7,4,1
1,0,7,4,1
0,2,7,3,0
0,2,7,2,0
0,10,7,3,0
1,0,7,4,1
1,0,7,4,1
1,0,7,4,1
0,10,7,3,0
1,0,7,4,1
1,0,7,4,1
0,7,7,3,0
1,0,7,4,1
1,0,7,4,1
1,0,7,4,1
0,10,7,4,0
1,0,7,4,1
1,0,7,4,1
1,10,7,1,1
1,0,7,4,1
0,10,7,5,0
1,0,7,4,1
0,7,7,3,0
1,0,7,4,1
1,0,7,4,1
1,0,7,4,1
1,0,7,4,1
0,7,7,2,0
0,2,7,2,0
1,0,7,4,1
0,11,3,1,0
1,0,7,4,1
1,0,7,4,1
0,2,7,3,0
1,0,7,4,1
0,5,4,4,0
1,0,7,4,1
1,0,7,4,1
1,0,7,4,1
1,0,7,4,1
0,2,7,2,0
0,2,7,3,0
1,0,7,4,1
1,0,7,4,1
0,7,7,3,0
0,6,0,1,0
1,0,7,4,1
1,0,7,4,1
0,6,0,4,0
0,10,7,3,0
0,10,7,2,0
1,0,7,4,1
1,0,7,4,1
1,11,7,1,0
0,11,8,1,0
1,0,7,4,1
1,0,7,4,1
1,0,7,4,1
0,7,7,3,0
0,7,7,3,0
0,2,7,2,0
0,7,7,2,0
0,10,7,2,0
1,0,7,4,1
1,0,7,4,1
1,0,7,4,1
1,0,7,4,1
0,7,7,3,0
0,10,7,3,0
0,7,7,2,0
0,5,0,1,0
1,0,7,4,1
1,0,7,4,1
1,0,7,4,1
1,0,7,4,1
1,0,7,4,1
0,11,4,4,0
0,10,7,3,0
1,0,7,4,1
1,0,7,4,1
0,10,7,3,0
1,0,7,4,1
0,6,8,1,0
0,11,3,4,0
1,0,7,4,1
1,0,7,4,1
1,0,7,4,1
1,0,7,4,1
1,0,7,4,1
0,10,7,3,0
1,0,7,4,1
0,10,7,4,0
0,5,3,4,0
1,0,7,4,1
1,0,7,4,1
1,0,7,4,1
0,2,7,3,0
1,0,7,4,1
0,7,7,3,0
1,0,7,4,1
0,7,7,3,0
1,0,7,4,1
1,0,7,4,1
0,10,7,2,0
1,0,7,4,1
1,0,7,4,1
0,6,4,4,0
0,6,3,4,0
1,0,7,4,1
1,0,7,4,1
0,11,3,1,0
1,0,7,4,1
1,0,7,4,1
1,0,7,4,1
1,0,7,4,1
1,0,7,4,1
0,10,7,2,0
0,6,3,4,0
1,0,7,4,1
0,11,0,4,0
0,10,7,5,0
1,0,7,4,1
0,10,7,5,0
0,10,7,4,0
1,10,7,1,1
1,0,7,4,1
1,0,7,4,1
1,11,7,1,0
0,11,4,4,0
1,0,7,4,1
0,2,7,3,0
1,0,7,4,1
1,10,7,1,0
1,0,7,4,1
0,6,0,1,0
0,10,7,5,0
1,0,7,4,1
1,0,7,4,1
0,10,7,3,0
0,10,7,4,0
1,0,7,4,1
0,6,8,1,0
0,10,7,2,0
0,2,7,2,0
1,0,7,4,1
1,11,7,1,0
1,0,7,4,1
0,6,0,1,0
1,0,7,4,1
1,0,7,4,1
1,0,7,4,1
1,0,7,4,1
1,0,7,4,1
1,0,7,4,1
0,7,7,2,0
0,6,8,4,0
1,0,7,4,1
1,10,7,1,1
0,7,7,2,0
0,5,8,1,0
1,0,7,4,1
0,7,7,3,0
0,10,7,2,0
0,6,0,1,0
0,7,7,2,0
0,10,7,2,0
0,10,7,2,0
0,7,7,2,0
1,0,7,4,1
1,0,7,4,1
0,7,7,3,0
0,7,7,3,0
1,0,7,4,1
1,0,7,4,1
1,0,7,4,1
1,0,7,4,1
1,0,7,4,1
0,11,3,4,0
1,0,7,4,1
0,7,7,2,0
0,6,8,4,0
0,10,7,2,0
1,0,7,4,1
0,11,3,4,0
1,0,7,4,1
1,0,7,4,1
1,0,7,4,1
0,7,7,3,0
1,0,7,4,1
1,0,7,4,1
0,10,7,3,0
1,0,7,4,1
1,0,7,4,1
1,0,7,4,1
0,7,7,2,0
0,2,7,3,0
1,0,7,4,1
0,10,7,5,0
1,0,7,4,1
1,0,7,4,1
0,11,4,4,0
0,10,7,2,0
1,0,7,4,1
1,0,7,4,1
1,0,7,4,1
1,0,7,4,1
0,6,8,1,0
1,0,7,4,1
0,10,7,3,0
0,11,0,1,0
1,0,7,4,1
1,0,7,4,1
1,0,7,4,1
0,7,7,2,0
1,0,7,4,1
0,10,7,3,0
1,0,7,4,1
1,0,7,4,1
1,0,7,4,1
1,10,7,1,0
1,0,7,4,1
0,10,7,3,0
1,0,7,4,1
1,10,7,1,0
1,0,7,4,1
0,5,0,1,0
1,0,7,4,1
0,2,7,2,0
0,7,7,2,0
0,11,8,4,0
1,0,7,4,1
0,11,4,1,0
0,2,7,2,0
1,0,7,4,1
1,0,7,4,1
0,10,7,2,0
0,2,7,2,0
1,0,7,4,1
1,10,7,1,0
1,0,7,4,1
1,0,7,4,1
0,7,7,3,0
1,0,7,4,1
0,11,0,4,0
1,0,7,4,1
1,0,7,4,1
0,11,8,4,0
0,6,3,4,0
0,10,7,2,0
0,11,8,1,0
1,0,7,4,1
0,5,0,4,0
0,11,3,1,0
1,0,7,4,1
0,11,3,1,0
1,0,7,4,1
0,2,7,2,0
1,0,7,4,1
0,5,0,4,0
1,0,7,4,1
0,10,7,3,0
0,2,7,3,0
0,11,0,4,0
0,11,0,1,0
1,0,7,4,1
0,10,7,2,0
1,0,7,4,1
1,0,7,4,1
1,0,7,4,1
1,0,7,4,1
1,0,7,4,1
1,0,7,4,1
0,2,7,2,0
1,0,7,4,1
1,0,7,4,1
1,0,7,4,1
0,10,7,2,0
0,6,4,1,0
0,7,7,2,0
1,0,7,4,1
1,0,7,4,1
1,0,7,4,1
1,0,7,4,1
1,0,7,4,1
0,6,0,4,0
0,2,7,3,0
1,0,7,4,1
1,0,7,4,1
0,2,7,2,0
0,11,0,4,0
0,7,7,2,0
1,0,7,4,1
1,0,7,4,1
1,0,7,4,1
1,0,7,4,1
1,0,7,4,1
0,6,3,1,0
1,0,7,4,1
1,0,7,4,1
1,0,7,4,1
0,7,7,3,0
1,0,7,4,1
1,0,7,4,1
1,0,7,4,1
0,6,0,4,0
0,10,7,5,0
1,0,7,4,1
1,0,7,4,1
0,2,7,3,0
1,0,7,4,1
1,0,7,4,1
0,6,3,1,0
0,7,7,3,0
0,2,7,2,0
1,0,7,4,1
1,0,7,4,1
0,10,7,4,0
1,0,7,4,1
0,10,7,3,0
1,0,7,4,1
1,0,7,4,1
1,0,7,4,1
0,7,7,3,0
0,5,3,4,0
1,0,7,4,1
0,10,7,3,0
1,0,7,4,1
0,7,7,3,0
1,11,7,1,0
0,11,4,4,0
0,7,7,2,0
0,5,4,4,0
1,0,7,4,1
0,6,4,4,0
0,10,7,2,0
1,0,7,4,1
0,7,7,2,0
0,10,7,4,0
1,0,7,4,1
0,10,7,2,0
0,6,8,1,0
1,0,7,4,1
1,0,7,4,1
1,0,7,4,1
1,0,7,4,1
0,6,4,1,0
1,0,7,4,1
0,7,7,3,0
1,0,7,4,1
0,10,7,5,0
1,0,7,4,1
0,10,7,3,0
1,0,7,4,1
1,0,7,4,1
1,0,7,4,1
0,5,4,1,0
0,10,7,2,0
0,11,4,1,0
0,10,7,5,0
1,10,7,1,0
1,0,7,4,1
1,0,7,4,1
0,11,8,4,0
0,5,4,1,0
0,10,7,4,0
1,0,7,4,1
1,0,7,4,1
1,0,7,4,1
1,0,7,4,1
1,0,7,4,1
0,10,7,4,0
0,6,3,1,0
0,10,7,2,0
0,2,7,3,0
0,11,4,1,0
0,5,4,1,0
0,2,7,2,0
1,0,7,4,1
0,2,7,3,0
1,0,7,4,1
1,0,7,4,1
1,0,7,4,1
0,6,8,4,0
0,10,7,5,0
0,7,7,2,0
1,0,7,4,1
1,0,7,4,1
1,0,7,4,1
0,6,8,1,0
0,11,3,4,0
0,10,7,3,0
1,0,7,4,1
0,10,7,3,0
0,2,7,2,0
0,2,7,2,0
0,6,4,4,0
1,0,7,4,1
0,11,4,4,0
1,0,7,4,1
1,11,7,1,0
1,0,7,4,1
0,2,7,2,0
0,10,7,5,0
0,11,8,1,0
0,10,7,5,0
1,0,7,4,1
0,6,0,1,0
1,0,7,4,1
1,0,7,4,1
0,10,7,2,0
1,0,7,4,1
0,2,7,3,0
0,11,4,1,0
1,0,7,4,1
0,6,8,4,0
1,0,7,4,1
1,0,7,4,1
0,5,3,4,0
0,5,3,1,0
0,10,7,5,0
0,10,7,3,0
0,5,4,4,0
1,0,7,4,1
1,0,7,4,1
1,0,7,4,1
1,0,7,4,1
1,0,7,4,1
0,6,3,4,0
0,11,8,4,0
0,6,8,4,0
1,0,7,4,1
0,5,0,4,0
0,10,7,3,0
0,7,7,3,0
1,0,7,4,1
0,2,7,2,0
0,10,7,3,0
0,7,7,3,0
1,0,7,4,1
1,0,7,4,1
1,0,7,4,1
1,0,7,4,1
1,0,7,4,1
0,11,8,1,0
0,11,3,4,0
1,0,7,4,1
1,0,7,4,1
0,2,7,2,0
0,10,7,3,0
1,0,7,4,1
1,0,7,4,1
1,0,7,4,1
0,5,0,1,0
0,7,7,2,0
0,5,0,4,0
1,0,7,4,1
0,10,7,5,0
1,0,7,4,1
0,5,8,4,0
1,0,7,4,1
0,11,0,1,0
0,5,0,4,0
0,5,8,1,0
1,0,7,4,1
0,2,7,2,0
1,0,7,4,1
1,0,7,4,1
1,0,7,4,1
1,0,7,4,1
0,10,7,3,0
0,11,4,4,0
1,0,7,4,1
0,5,3,4,0
0,10,7,2,0
0,6,8,4,0
0,6,4,4,0
1,0,7,4,1
1,0,7,4,1
1,0,7,4,1
1,0,7,4,1
1,0,7,4,1
0,10,7,3,0
1,0,7,4,1
0,11,0,4,0
1,0,7,4,1
0,5,0,1,0
0,6,0,1,0
0,5,3,1,0
1,0,7,4,1
0,5,8,4,0
1,0,7,4,1
0,5,8,4,0
0,10,7,2,0
0,6,4,1,0
0,6,8,1,0
0,6,4,4,0
0,2,7,3,0
1,0,7,4,1
1,0,7,4,1
1,0,7,4,1
1,0,7,4,1
1,0,7,4,1
0,7,7,3,0
0,2,7,3,0
0,5,4,4,0
1,0,7,4,1
0,5,3,4,0
1,0,7,4,1
1,0,7,4,1
1,0,7,4,1
1,0,7,4,1
1,0,7,4,1
0,2,7,2,0
1,11,7,1,0
0,10,7,2,0
1,0,7,4,1
1,0,7,4,1
0,10,7,3,0
0,6,0,4,0
1,0,7,4,1
0,11,3,1,0
0,11,4,1,0
0,11,3,4,0
0,11,8,4,0
0,6,3,4,0
0,11,3,1,0
1,0,7,4,1
0,10,7,2,0
0,6,3,4,0
0,7,7,2,0
0,6,0,4,0
1,0,7,4,1
1,11,7,1,0
0,11,4,4,0
1,0,7,4,1
1,0,7,4,1
1,0,7,4,1
0,11,0,1,0
0,11,0,4,0
0,5,0,1,0
1,0,7,4,1
0,11,4,1,0
